1e-09;3.96892e-05
1.004e-09;3.98486e-05
1.012e-09;4.01687e-05
1.028e-09;4.08164e-05
1.06e-09;4.2142e-05
1.124e-09;4.49134e-05
1.252e-09;5.0929e-05
1.508e-09;6.47923e-05
2.02e-09;9.94013e-05
2.62684e-09;0.000151338
3.36307e-09;0.000228403
4.19419e-09;0.000331457
5.2468e-09;0.000482466
6.48936e-09;0.000684773
8.12438e-09;0.000981508
1.024e-08;0.00140273
1.34665e-08;0.00209652
1.75605e-08;0.00302722
2.25143e-08;0.00418822
2.85731e-08;0.00562863
3.41236e-08;0.00695603
4.00839e-08;0.00838521
4.57292e-08;0.00974148
5.17388e-08;0.0111877
5.74894e-08;0.0125741
6.346e-08;0.0140159
6.92304e-08;0.0154118
7.51549e-08;0.0168475
8.09326e-08;0.0182501
8.68074e-08;0.0196789
9.25597e-08;0.0210803
9.83524e-08;0.0224942
1e-07;0.0228968
1.00567e-07;0.0230353
1.017e-07;0.0233124
1.03966e-07;0.0238669
1.08499e-07;0.0249771
1.138e-07;0.0262775
1.18655e-07;0.0274705
1.23073e-07;0.0285577
1.2693e-07;0.0295081
1.30727e-07;0.0304452
1.34532e-07;0.0313852
1.39e-07;0.0324906
1.4499e-07;0.0339755
1.51898e-07;0.0356916
1.60386e-07;0.0378059
1.70579e-07;0.0403535
1.83586e-07;0.0436183
1.98663e-07;0.0474225
2.19676e-07;0.0527613
2.4917e-07;0.0603312
2.95714e-07;0.072471
3.83507e-07;0.0960965
4.70394e-07;0.120523
4.94895e-07;0.127586
5.05514e-07;0.130596
5.11912e-07;0.132351
5.17141e-07;0.133745
5.21182e-07;0.134794
5.24828e-07;0.135718
5.28523e-07;0.136631
5.32678e-07;0.137628
5.40551e-07;0.139427
5.4964e-07;0.141346
5.59264e-07;0.143185
5.72213e-07;0.145332
5.8599e-07;0.147198
6.04864e-07;0.149066
6.24141e-07;0.150196
6.45645e-07;0.150634
6.70724e-07;0.150242
6.90049e-07;0.149424
7.17125e-07;0.147802
7.38435e-07;0.146299
7.59713e-07;0.144755
7.80066e-07;0.143335
7.9943e-07;0.142104
8.24719e-07;0.140745
8.54633e-07;0.139554
8.86032e-07;0.138795
9.1215e-07;0.13851
9.4104e-07;0.138484
9.72714e-07;0.138697
1.00361e-06;0.139037
1.03419e-06;0.139404
1.07004e-06;0.139775
1.10455e-06;0.140011
1.14964e-06;0.140106
1.18783e-06;0.140011
1.22289e-06;0.139819
1.25207e-06;0.139611
1.27955e-06;0.139397
1.29703e-06;0.13926
1.3068e-06;0.139184
1.30897e-06;0.139167
1.30977e-06;0.139161
1.31074e-06;0.139153
1.31102e-06;0.139151
1.31147e-06;0.139148
1.31192e-06;0.139144
1.31234e-06;0.139141
1.31281e-06;0.139138
1.31328e-06;0.139134
1.31399e-06;0.139129
1.3145e-06;0.139125
1.31504e-06;0.139121
1.31565e-06;0.139116
1.3163e-06;0.139111
1.31692e-06;0.139107
1.31765e-06;0.139101
1.31852e-06;0.139095
1.31931e-06;0.139089
1.32026e-06;0.139082
1.32159e-06;0.139072
1.32282e-06;0.139063
1.32445e-06;0.139051
1.32665e-06;0.139034
1.32934e-06;0.139015
1.3331e-06;0.138988
1.34062e-06;0.138935
1.3544e-06;0.138841
1.37421e-06;0.138717
1.39661e-06;0.13859
1.42322e-06;0.138458
1.44756e-06;0.138354
1.47024e-06;0.138267
1.48794e-06;0.138206
1.5092e-06;0.138136
1.52898e-06;0.138075
1.55519e-06;0.137995
1.59236e-06;0.13788
1.6394e-06;0.137725
1.68179e-06;0.137573
1.71952e-06;0.137428
1.76188e-06;0.137258
1.81209e-06;0.137052
1.86038e-06;0.136852
1.92088e-06;0.136607
1.99273e-06;0.136323
2.05776e-06;0.136072
2.13192e-06;0.135788
2.20733e-06;0.135499
2.30733e-06;0.135113
2.40733e-06;0.134726
2.50733e-06;0.134341
2.60733e-06;0.133958
2.70733e-06;0.133577
2.80733e-06;0.133197
2.90733e-06;0.132817
3.00733e-06;0.132439
3.10733e-06;0.132062
3.20733e-06;0.131686
3.30733e-06;0.131311
3.40733e-06;0.130938
3.50733e-06;0.130565
3.60733e-06;0.130194
3.70733e-06;0.129824
3.80733e-06;0.129454
3.90733e-06;0.129086
4.00733e-06;0.12872
4.10733e-06;0.128354
4.20733e-06;0.127989
4.30733e-06;0.127626
4.40733e-06;0.127263
4.50733e-06;0.126902
4.60733e-06;0.126542
4.70733e-06;0.126183
4.80733e-06;0.125825
4.90733e-06;0.125468
5.00733e-06;0.125112
5.10733e-06;0.124758
5.20733e-06;0.124404
5.30733e-06;0.124051
5.40733e-06;0.1237
5.50733e-06;0.12335
5.60733e-06;0.123
5.70733e-06;0.122652
5.80733e-06;0.122305
5.90733e-06;0.121959
6.00733e-06;0.121614
6.10733e-06;0.12127
6.20733e-06;0.120927
6.30733e-06;0.120585
6.40733e-06;0.120244
6.50733e-06;0.119904
6.60733e-06;0.119565
6.70733e-06;0.119227
6.80733e-06;0.118891
6.90733e-06;0.118555
7.00733e-06;0.11822
7.10733e-06;0.117887
7.20733e-06;0.117554
7.30733e-06;0.117222
7.40733e-06;0.116892
7.50733e-06;0.116562
7.60733e-06;0.116233
7.70733e-06;0.115906
7.80733e-06;0.115579
7.90733e-06;0.115254
8.00733e-06;0.114929
8.10733e-06;0.114605
8.20733e-06;0.114283
8.30733e-06;0.113961
8.40733e-06;0.11364
8.50733e-06;0.113321
8.60733e-06;0.113002
8.70733e-06;0.112684
8.80733e-06;0.112368
8.90733e-06;0.112052
9.00733e-06;0.111737
9.10733e-06;0.111423
9.20733e-06;0.11111
9.30733e-06;0.110798
9.40733e-06;0.110487
9.50733e-06;0.110177
9.60733e-06;0.109868
9.70733e-06;0.10956
9.80733e-06;0.109253
9.90733e-06;0.108946
1.00073e-05;0.108641
1.01073e-05;0.108337
1.02073e-05;0.108033
1.03073e-05;0.107731
1.04073e-05;0.107429
1.05073e-05;0.107128
1.06073e-05;0.106828
1.07073e-05;0.106529
1.08073e-05;0.106232
1.09073e-05;0.105934
1.10073e-05;0.105638
1.11073e-05;0.105343
1.12073e-05;0.105049
1.13073e-05;0.104755
1.14073e-05;0.104463
1.15073e-05;0.104171
1.16073e-05;0.10388
1.17073e-05;0.10359
1.18073e-05;0.103301
1.19073e-05;0.103013
1.20073e-05;0.102726
1.21073e-05;0.10244
1.22073e-05;0.102154
1.23073e-05;0.10187
1.24073e-05;0.101586
1.25073e-05;0.101303
1.26073e-05;0.101021
1.27073e-05;0.10074
1.28073e-05;0.100459
1.29073e-05;0.10018
1.30073e-05;0.0999014
1.31073e-05;0.0996236
1.32073e-05;0.0993467
1.33073e-05;0.0990707
1.34073e-05;0.0987955
1.35073e-05;0.0985211
1.36073e-05;0.0982476
1.37073e-05;0.0979749
1.38073e-05;0.097703
1.39073e-05;0.097432
1.40073e-05;0.0971618
1.41073e-05;0.0968924
1.42073e-05;0.0966239
1.43073e-05;0.0963562
1.44073e-05;0.0960892
1.45073e-05;0.0958231
1.46073e-05;0.0955578
1.47073e-05;0.0952934
1.48073e-05;0.0950297
1.49073e-05;0.0947668
1.50073e-05;0.0945048
1.51073e-05;0.0942435
1.52073e-05;0.093983
1.53073e-05;0.0937234
1.54073e-05;0.0934645
1.55073e-05;0.0932064
1.56073e-05;0.0929491
1.57073e-05;0.0926926
1.58073e-05;0.0924368
1.59073e-05;0.0921819
1.60073e-05;0.0919277
1.61073e-05;0.0916743
1.62073e-05;0.0914217
1.63073e-05;0.0911698
1.64073e-05;0.0909188
1.65073e-05;0.0906684
1.66073e-05;0.0904189
1.67073e-05;0.0901701
1.68073e-05;0.0899221
1.69073e-05;0.0896748
1.70073e-05;0.0894283
1.71073e-05;0.0891825
1.72073e-05;0.0889375
1.73073e-05;0.0886932
1.74073e-05;0.0884497
1.75073e-05;0.0882069
1.76073e-05;0.0879649
1.77073e-05;0.0877236
1.78073e-05;0.087483
1.79073e-05;0.0872432
1.80073e-05;0.0870041
1.81073e-05;0.0867657
1.82073e-05;0.0865281
1.83073e-05;0.0862912
1.84073e-05;0.086055
1.85073e-05;0.0858195
1.86073e-05;0.0855848
1.87073e-05;0.0853507
1.88073e-05;0.0851174
1.89073e-05;0.0848848
1.90073e-05;0.0846529
1.91073e-05;0.0844217
1.92073e-05;0.0841913
1.93073e-05;0.0839615
1.94073e-05;0.0837324
1.95073e-05;0.083504
1.96073e-05;0.0832763
1.97073e-05;0.0830494
1.98073e-05;0.0828231
1.99073e-05;0.0825975
2.00073e-05;0.0823725
2.01073e-05;0.0821483
2.02073e-05;0.0819248
2.03073e-05;0.0817019
2.04073e-05;0.0814797
2.05073e-05;0.0812582
2.06073e-05;0.0810374
2.07073e-05;0.0808173
2.08073e-05;0.0805978
2.09073e-05;0.080379
2.10073e-05;0.0801608
2.11073e-05;0.0799434
2.12073e-05;0.0797266
2.13073e-05;0.0795104
2.14073e-05;0.0792949
2.15073e-05;0.0790801
2.16073e-05;0.0788659
2.17073e-05;0.0786524
2.18073e-05;0.0784395
2.19073e-05;0.0782273
2.20073e-05;0.0780157
2.21073e-05;0.0778048
2.22073e-05;0.0775945
2.23073e-05;0.0773849
2.24073e-05;0.0771759
2.25073e-05;0.0769675
2.26073e-05;0.0767598
2.27073e-05;0.0765527
2.28073e-05;0.0763462
2.29073e-05;0.0761404
2.30073e-05;0.0759352
2.31073e-05;0.0757306
2.32073e-05;0.0755267
2.33073e-05;0.0753234
2.34073e-05;0.0751207
2.35073e-05;0.0749186
2.36073e-05;0.0747171
2.37073e-05;0.0745162
2.38073e-05;0.074316
2.39073e-05;0.0741164
2.40073e-05;0.0739174
2.41073e-05;0.0737189
2.42073e-05;0.0735211
2.43073e-05;0.0733239
2.44073e-05;0.0731273
2.45073e-05;0.0729313
2.46073e-05;0.0727359
2.47073e-05;0.0725411
2.48073e-05;0.0723469
2.49073e-05;0.0721533
2.50073e-05;0.0719603
2.51073e-05;0.0717678
2.52073e-05;0.071576
2.53073e-05;0.0713847
2.54073e-05;0.071194
2.55073e-05;0.0710039
2.56073e-05;0.0708144
2.57073e-05;0.0706255
2.58073e-05;0.0704371
2.59073e-05;0.0702493
2.60073e-05;0.0700621
2.61073e-05;0.0698754
2.62073e-05;0.0696894
2.63073e-05;0.0695039
2.64073e-05;0.0693189
2.65073e-05;0.0691345
2.66073e-05;0.0689507
2.67073e-05;0.0687675
2.68073e-05;0.0685848
2.69073e-05;0.0684027
2.70073e-05;0.0682211
2.71073e-05;0.0680401
2.72073e-05;0.0678596
2.73073e-05;0.0676797
2.74073e-05;0.0675003
2.75073e-05;0.0673215
2.76073e-05;0.0671432
2.77073e-05;0.0669655
2.78073e-05;0.0667883
2.79073e-05;0.0666116
2.80073e-05;0.0664355
2.81073e-05;0.0662599
2.82073e-05;0.0660849
2.83073e-05;0.0659104
2.84073e-05;0.0657364
2.85073e-05;0.065563
2.86073e-05;0.0653901
2.87073e-05;0.0652177
2.88073e-05;0.0650458
2.89073e-05;0.0648745
2.90073e-05;0.0647037
2.91073e-05;0.0645334
2.92073e-05;0.0643637
2.93073e-05;0.0641944
2.94073e-05;0.0640257
2.95073e-05;0.0638575
2.96073e-05;0.0636898
2.97073e-05;0.0635226
2.98073e-05;0.0633559
2.99073e-05;0.0631897
3.00073e-05;0.0630241
3.01073e-05;0.0628589
3.02073e-05;0.0626942
3.03073e-05;0.0625301
3.04073e-05;0.0623664
3.05073e-05;0.0622033
3.06073e-05;0.0620406
3.07073e-05;0.0618785
3.08073e-05;0.0617168
3.09073e-05;0.0615557
3.10073e-05;0.061395
3.11073e-05;0.0612348
3.12073e-05;0.0610751
3.13073e-05;0.0609159
3.14073e-05;0.0607572
3.15073e-05;0.0605989
3.16073e-05;0.0604412
3.17073e-05;0.0602839
3.18073e-05;0.0601271
3.19073e-05;0.0599708
3.20073e-05;0.059815
3.21073e-05;0.0596596
3.22073e-05;0.0595047
3.23073e-05;0.0593503
3.24073e-05;0.0591964
3.25073e-05;0.0590429
3.26073e-05;0.0588899
3.27073e-05;0.0587374
3.28073e-05;0.0585853
3.29073e-05;0.0584337
3.30073e-05;0.0582825
3.31073e-05;0.0581319
3.32073e-05;0.0579816
3.33073e-05;0.0578319
3.34073e-05;0.0576826
3.35073e-05;0.0575337
3.36073e-05;0.0573853
3.37073e-05;0.0572374
3.38073e-05;0.0570899
3.39073e-05;0.0569428
3.40073e-05;0.0567962
3.41073e-05;0.0566501
3.42073e-05;0.0565044
3.43073e-05;0.0563591
3.44073e-05;0.0562143
3.45073e-05;0.05607
3.46073e-05;0.055926
3.47073e-05;0.0557826
3.48073e-05;0.0556395
3.49073e-05;0.0554969
3.50073e-05;0.0553547
3.51073e-05;0.055213
3.52073e-05;0.0550717
3.53073e-05;0.0549308
3.54073e-05;0.0547903
3.55073e-05;0.0546503
3.56073e-05;0.0545107
3.57073e-05;0.0543715
3.58073e-05;0.0542328
3.59073e-05;0.0540945
3.60073e-05;0.0539566
3.61073e-05;0.0538191
3.62073e-05;0.053682
3.63073e-05;0.0535454
3.64073e-05;0.0534092
3.65073e-05;0.0532734
3.66073e-05;0.053138
3.67073e-05;0.053003
3.68073e-05;0.0528685
3.69073e-05;0.0527343
3.70073e-05;0.0526006
3.71073e-05;0.0524672
3.72073e-05;0.0523343
3.73073e-05;0.0522018
3.74073e-05;0.0520696
3.75073e-05;0.0519379
3.76073e-05;0.0518066
3.77073e-05;0.0516757
3.78073e-05;0.0515452
3.79073e-05;0.0514151
3.80073e-05;0.0512854
3.81073e-05;0.051156
3.82073e-05;0.0510271
3.83073e-05;0.0508986
3.84073e-05;0.0507704
3.85073e-05;0.0506427
3.86073e-05;0.0505153
3.87073e-05;0.0503884
3.88073e-05;0.0502618
3.89073e-05;0.0501356
3.90073e-05;0.0500098
3.91073e-05;0.0498844
3.92073e-05;0.0497593
3.93073e-05;0.0496346
3.94073e-05;0.0495104
3.95073e-05;0.0493865
3.96073e-05;0.0492629
3.97073e-05;0.0491398
3.98073e-05;0.049017
3.99073e-05;0.0488946
4.00073e-05;0.0487726
4.01073e-05;0.048651
4.02073e-05;0.0485297
4.03073e-05;0.0484088
4.04073e-05;0.0482882
4.05073e-05;0.0481681
4.06073e-05;0.0480483
4.07073e-05;0.0479288
4.08073e-05;0.0478097
4.09073e-05;0.047691
4.10073e-05;0.0475727
4.11073e-05;0.0474547
4.12073e-05;0.0473371
4.13073e-05;0.0472198
4.14073e-05;0.0471029
4.15073e-05;0.0469863
4.16073e-05;0.0468701
4.17073e-05;0.0467543
4.18073e-05;0.0466388
4.19073e-05;0.0465237
4.20073e-05;0.0464089
4.21073e-05;0.0462945
4.22073e-05;0.0461804
4.23073e-05;0.0460666
4.24073e-05;0.0459532
4.25073e-05;0.0458402
4.26073e-05;0.0457275
4.27073e-05;0.0456152
4.28073e-05;0.0455031
4.29073e-05;0.0453915
4.30073e-05;0.0452801
4.31073e-05;0.0451692
4.32073e-05;0.0450585
4.33073e-05;0.0449482
4.34073e-05;0.0448382
4.35073e-05;0.0447286
4.36073e-05;0.0446193
4.37073e-05;0.0445103
4.38073e-05;0.0444017
4.39073e-05;0.0442934
4.40073e-05;0.0441854
4.41073e-05;0.0440777
4.42073e-05;0.0439704
4.43073e-05;0.0438634
4.44073e-05;0.0437568
4.45073e-05;0.0436504
4.46073e-05;0.0435444
4.47073e-05;0.0434387
4.48073e-05;0.0433334
4.49073e-05;0.0432283
4.50073e-05;0.0431236
4.51073e-05;0.0430192
4.52073e-05;0.0429151
4.53073e-05;0.0428113
4.54073e-05;0.0427079
4.55073e-05;0.0426048
4.56073e-05;0.0425019
4.57073e-05;0.0423994
4.58073e-05;0.0422972
4.59073e-05;0.0421954
4.60073e-05;0.0420938
4.61073e-05;0.0419925
4.62073e-05;0.0418916
4.63073e-05;0.0417909
4.64073e-05;0.0416906
4.65073e-05;0.0415906
4.66073e-05;0.0414908
4.67073e-05;0.0413914
4.68073e-05;0.0412923
4.69073e-05;0.0411935
4.70073e-05;0.041095
4.71073e-05;0.0409968
4.72073e-05;0.0408989
4.73073e-05;0.0408013
4.74073e-05;0.0407039
4.75073e-05;0.0406069
4.76073e-05;0.0405102
4.77073e-05;0.0404138
4.78073e-05;0.0403176
4.79073e-05;0.0402218
4.80073e-05;0.0401263
4.81073e-05;0.040031
4.82073e-05;0.039936
4.83073e-05;0.0398414
4.84073e-05;0.039747
4.85073e-05;0.0396529
4.86073e-05;0.0395591
4.87073e-05;0.0394656
4.88073e-05;0.0393723
4.89073e-05;0.0392794
4.90073e-05;0.0391867
4.91073e-05;0.0390943
4.92073e-05;0.0390022
4.93073e-05;0.0389104
4.94073e-05;0.0388189
4.95073e-05;0.0387276
4.96073e-05;0.0386366
4.97073e-05;0.0385459
4.98073e-05;0.0384555
4.99073e-05;0.0383653
5.00073e-05;0.0382754
5.01073e-05;0.0381858
5.02073e-05;0.0380965
5.03073e-05;0.0380075
5.04073e-05;0.0379187
5.05073e-05;0.0378302
5.06073e-05;0.0377419
5.07073e-05;0.0376539
5.08073e-05;0.0375662
5.09073e-05;0.0374788
5.10073e-05;0.0373916
5.11073e-05;0.0373047
5.12073e-05;0.0372181
5.13073e-05;0.0371317
5.14073e-05;0.0370456
5.15073e-05;0.0369597
5.16073e-05;0.0368742
5.17073e-05;0.0367888
5.18073e-05;0.0367038
5.19073e-05;0.036619
5.20073e-05;0.0365344
5.21073e-05;0.0364501
5.22073e-05;0.0363661
5.23073e-05;0.0362823
5.24073e-05;0.0361988
5.25073e-05;0.0361155
5.26073e-05;0.0360325
5.27073e-05;0.0359498
5.28073e-05;0.0358673
5.29073e-05;0.035785
5.30073e-05;0.035703
5.31073e-05;0.0356213
5.32073e-05;0.0355398
5.33073e-05;0.0354585
5.34073e-05;0.0353775
5.35073e-05;0.0352968
5.36073e-05;0.0352162
5.37073e-05;0.035136
5.38073e-05;0.035056
5.39073e-05;0.0349762
5.40073e-05;0.0348967
5.41073e-05;0.0348174
5.42073e-05;0.0347383
5.43073e-05;0.0346595
5.44073e-05;0.034581
5.45073e-05;0.0345026
5.46073e-05;0.0344245
5.47073e-05;0.0343467
5.48073e-05;0.0342691
5.49073e-05;0.0341917
5.50073e-05;0.0341146
5.51073e-05;0.0340377
5.52073e-05;0.033961
5.53073e-05;0.0338846
5.54073e-05;0.0338084
5.55073e-05;0.0337324
5.56073e-05;0.0336567
5.57073e-05;0.0335812
5.58073e-05;0.0335059
5.59073e-05;0.0334309
5.60073e-05;0.0333561
5.61073e-05;0.0332815
5.62073e-05;0.0332071
5.63073e-05;0.033133
5.64073e-05;0.0330591
5.65073e-05;0.0329854
5.66073e-05;0.0329119
5.67073e-05;0.0328387
5.68073e-05;0.0327657
5.69073e-05;0.0326929
5.70073e-05;0.0326204
5.71073e-05;0.032548
5.72073e-05;0.0324759
5.73073e-05;0.032404
5.74073e-05;0.0323323
5.75073e-05;0.0322609
5.76073e-05;0.0321896
5.77073e-05;0.0321186
5.78073e-05;0.0320478
5.79073e-05;0.0319772
5.80073e-05;0.0319068
5.81073e-05;0.0318367
5.82073e-05;0.0317667
5.83073e-05;0.031697
5.84073e-05;0.0316275
5.85073e-05;0.0315582
5.86073e-05;0.0314891
5.87073e-05;0.0314202
5.88073e-05;0.0313515
5.89073e-05;0.031283
5.89354e-05;0.0312929
5.89506e-05;0.031342
5.89654e-05;0.0314646
5.89788e-05;0.0316716
5.89966e-05;0.0321346
5.90323e-05;0.0338239
5.90848e-05;0.0381865
5.91356e-05;0.0441646
5.91986e-05;0.0528393
5.92677e-05;0.0625217
5.93677e-05;0.0751711
5.94677e-05;0.086291
5.95677e-05;0.0970071
5.96677e-05;0.108133
5.97677e-05;0.119646
5.98677e-05;0.131176
5.99677e-05;0.142515
6.00677e-05;0.15371
6.01677e-05;0.164875
6.02677e-05;0.176059
6.03677e-05;0.187239
6.04677e-05;0.19838
6.05677e-05;0.209473
6.06677e-05;0.220527
6.07677e-05;0.231551
6.08677e-05;0.242549
6.09677e-05;0.253516
6.10677e-05;0.264449
6.11677e-05;0.275349
6.12677e-05;0.286218
6.13677e-05;0.297055
6.14677e-05;0.307861
6.15677e-05;0.318635
6.16677e-05;0.329378
6.17677e-05;0.34009
6.18677e-05;0.35077
6.19677e-05;0.361419
6.20677e-05;0.372037
6.21677e-05;0.382625
6.22677e-05;0.393181
6.23677e-05;0.403707
6.24677e-05;0.414202
6.25677e-05;0.424667
6.26677e-05;0.435101
6.27677e-05;0.445504
6.28677e-05;0.455877
6.29677e-05;0.466221
6.30677e-05;0.476533
6.31677e-05;0.486816
6.32677e-05;0.497069
6.33677e-05;0.507292
6.34677e-05;0.517486
6.35677e-05;0.527649
6.36677e-05;0.537783
6.37677e-05;0.547888
6.38677e-05;0.557963
6.39677e-05;0.568008
6.40677e-05;0.578025
6.41677e-05;0.588012
6.42677e-05;0.59797
6.43677e-05;0.607899
6.44677e-05;0.617799
6.45677e-05;0.627671
6.46677e-05;0.637513
6.47677e-05;0.647327
6.48677e-05;0.657113
6.49677e-05;0.666869
6.50677e-05;0.676598
6.51677e-05;0.686298
6.52677e-05;0.69597
6.53677e-05;0.705613
6.54677e-05;0.715229
6.55677e-05;0.724816
6.56677e-05;0.734376
6.57677e-05;0.743908
6.58677e-05;0.753411
6.59677e-05;0.762888
6.60677e-05;0.772336
6.61677e-05;0.781757
6.62677e-05;0.791151
6.63677e-05;0.800517
6.64677e-05;0.809856
6.65677e-05;0.819168
6.66677e-05;0.828453
6.67677e-05;0.83771
6.68677e-05;0.846941
6.69677e-05;0.856145
6.70677e-05;0.865322
6.71677e-05;0.874472
6.72677e-05;0.883595
6.73677e-05;0.892692
6.74677e-05;0.901763
6.75677e-05;0.910807
6.76677e-05;0.919824
6.77677e-05;0.928816
6.78677e-05;0.937781
6.79677e-05;0.94672
6.80677e-05;0.955633
6.81677e-05;0.96452
6.82677e-05;0.973381
6.83677e-05;0.982216
6.84677e-05;0.991026
6.85677e-05;0.99981
6.86677e-05;1.00857
6.87677e-05;1.0173
6.88677e-05;1.02601
6.89677e-05;1.03469
6.90677e-05;1.04335
6.91677e-05;1.05198
6.92677e-05;1.06058
6.93677e-05;1.06917
6.94677e-05;1.07772
6.95677e-05;1.08625
6.96677e-05;1.09476
6.97677e-05;1.10324
6.98677e-05;1.1117
6.99677e-05;1.12013
7.00677e-05;1.12854
7.01677e-05;1.13692
7.02677e-05;1.14528
7.03677e-05;1.15361
7.04677e-05;1.16192
7.05677e-05;1.17021
7.06677e-05;1.17847
7.07677e-05;1.18671
7.08677e-05;1.19492
7.09677e-05;1.20311
7.10677e-05;1.21128
7.11677e-05;1.21942
7.12677e-05;1.22754
7.13677e-05;1.23563
7.14677e-05;1.24371
7.15677e-05;1.25175
7.16677e-05;1.25978
7.17677e-05;1.26778
7.18677e-05;1.27576
7.19677e-05;1.28371
7.20677e-05;1.29164
7.21677e-05;1.29955
7.22677e-05;1.30743
7.23677e-05;1.31529
7.24677e-05;1.32313
7.25677e-05;1.33095
7.26677e-05;1.33874
7.27677e-05;1.34651
7.28677e-05;1.35426
7.29677e-05;1.36199
7.30677e-05;1.36969
7.31677e-05;1.37737
7.32677e-05;1.38503
7.33677e-05;1.39266
7.34677e-05;1.40028
7.35677e-05;1.40787
7.36677e-05;1.41544
7.37677e-05;1.42299
7.38677e-05;1.43051
7.39677e-05;1.43801
7.40677e-05;1.44549
7.41677e-05;1.45295
7.42677e-05;1.46039
7.43677e-05;1.46781
7.44677e-05;1.4752
7.45677e-05;1.48258
7.46677e-05;1.48993
7.47677e-05;1.49726
7.48677e-05;1.50457
7.49677e-05;1.51185
7.50677e-05;1.51912
7.51677e-05;1.52636
7.52677e-05;1.53359
7.53677e-05;1.54079
7.54677e-05;1.54797
7.55677e-05;1.55513
7.56677e-05;1.56227
7.57677e-05;1.56939
7.58677e-05;1.57649
7.59677e-05;1.58357
7.60677e-05;1.59062
7.61677e-05;1.59766
7.62677e-05;1.60468
7.63677e-05;1.61167
7.64677e-05;1.61865
7.65677e-05;1.6256
7.66677e-05;1.63254
7.67677e-05;1.63945
7.68677e-05;1.64635
7.69677e-05;1.65322
7.70677e-05;1.66007
7.71677e-05;1.66691
7.72677e-05;1.67372
7.73677e-05;1.68052
7.74677e-05;1.68729
7.75677e-05;1.69405
7.76677e-05;1.70078
7.77677e-05;1.7075
7.78677e-05;1.71419
7.79677e-05;1.72087
7.80677e-05;1.72752
7.81677e-05;1.73416
7.82677e-05;1.74078
7.83677e-05;1.74738
7.84677e-05;1.75396
7.85677e-05;1.76052
7.86677e-05;1.76706
7.87677e-05;1.77358
7.88677e-05;1.78009
7.89677e-05;1.78657
7.90677e-05;1.79304
7.91677e-05;1.79948
7.92677e-05;1.80591
7.93677e-05;1.81232
7.94677e-05;1.81871
7.95677e-05;1.82508
7.96677e-05;1.83143
7.97677e-05;1.83777
7.98677e-05;1.84408
7.99677e-05;1.85038
8.00677e-05;1.85666
8.01677e-05;1.86292
8.02677e-05;1.86916
8.03677e-05;1.87539
8.04677e-05;1.8816
8.05677e-05;1.88778
8.06677e-05;1.89395
8.07677e-05;1.90011
8.08677e-05;1.90624
8.09677e-05;1.91236
8.10677e-05;1.91846
8.11677e-05;1.92454
8.12677e-05;1.9306
8.13677e-05;1.93665
8.14677e-05;1.94267
8.15677e-05;1.94868
8.16677e-05;1.95468
8.17677e-05;1.96065
8.18677e-05;1.96661
8.19677e-05;1.97255
8.20677e-05;1.97847
8.21677e-05;1.98438
8.22677e-05;1.99027
8.23677e-05;1.99614
8.24677e-05;2.00199
8.25677e-05;2.00783
8.26677e-05;2.01365
8.27677e-05;2.01945
8.28677e-05;2.02524
8.29677e-05;2.03101
8.30677e-05;2.03676
8.31677e-05;2.0425
8.32677e-05;2.04822
8.33677e-05;2.05392
8.34677e-05;2.05961
8.35677e-05;2.06528
8.36677e-05;2.07093
8.37677e-05;2.07656
8.38677e-05;2.08218
8.39677e-05;2.08779
8.40677e-05;2.09338
8.41677e-05;2.09895
8.42677e-05;2.1045
8.43677e-05;2.11004
8.44677e-05;2.11556
8.45677e-05;2.12107
8.46677e-05;2.12656
8.47677e-05;2.13203
8.48677e-05;2.13749
8.49677e-05;2.14293
8.50677e-05;2.14836
8.51677e-05;2.15377
8.52677e-05;2.15916
8.53677e-05;2.16454
8.54677e-05;2.16991
8.55677e-05;2.17525
8.56677e-05;2.18059
8.57677e-05;2.1859
8.58677e-05;2.1912
8.59677e-05;2.19649
8.60677e-05;2.20176
8.61677e-05;2.20702
8.62677e-05;2.21225
8.63677e-05;2.21748
8.64677e-05;2.22269
8.65677e-05;2.22788
8.66677e-05;2.23306
8.67677e-05;2.23822
8.68677e-05;2.24337
8.69677e-05;2.24851
8.70677e-05;2.25362
8.71677e-05;2.25873
8.72677e-05;2.26382
8.73677e-05;2.26889
8.74677e-05;2.27395
8.75677e-05;2.27899
8.76677e-05;2.28402
8.77677e-05;2.28904
8.78677e-05;2.29404
8.79677e-05;2.29903
8.80677e-05;2.304
8.81677e-05;2.30895
8.82677e-05;2.3139
8.83677e-05;2.31882
8.84677e-05;2.32374
8.85677e-05;2.32864
8.86677e-05;2.33352
8.87677e-05;2.33839
8.88677e-05;2.34325
8.89677e-05;2.34809
8.90677e-05;2.35292
8.91677e-05;2.35773
8.92677e-05;2.36253
8.93677e-05;2.36732
8.94677e-05;2.37209
8.95677e-05;2.37685
8.96677e-05;2.38159
8.97677e-05;2.38632
8.98677e-05;2.39104
8.99677e-05;2.39574
9.00677e-05;2.40043
9.01677e-05;2.40511
9.02677e-05;2.40977
9.03677e-05;2.41442
9.04677e-05;2.41905
9.05677e-05;2.42367
9.06677e-05;2.42828
9.07677e-05;2.43288
9.08677e-05;2.43746
9.09677e-05;2.44202
9.10677e-05;2.44658
9.11677e-05;2.45112
9.12677e-05;2.45565
9.13677e-05;2.46016
9.14677e-05;2.46466
9.15677e-05;2.46915
9.16677e-05;2.47363
9.17677e-05;2.47809
9.18677e-05;2.48254
9.19677e-05;2.48697
9.20677e-05;2.4914
9.21677e-05;2.49581
9.22677e-05;2.5002
9.23677e-05;2.50459
9.24677e-05;2.50896
9.25677e-05;2.51332
9.26677e-05;2.51767
9.27677e-05;2.522
9.28677e-05;2.52632
9.29677e-05;2.53063
9.30677e-05;2.53492
9.31677e-05;2.53921
9.32677e-05;2.54348
9.33677e-05;2.54774
9.34677e-05;2.55198
9.35677e-05;2.55622
9.36677e-05;2.56044
9.37677e-05;2.56465
9.38677e-05;2.56884
9.39677e-05;2.57303
9.40677e-05;2.5772
9.41677e-05;2.58136
9.42677e-05;2.58551
9.43677e-05;2.58964
9.44677e-05;2.59377
9.45677e-05;2.59788
9.46677e-05;2.60198
9.47677e-05;2.60607
9.48677e-05;2.61014
9.49677e-05;2.61421
9.50677e-05;2.61826
9.51677e-05;2.6223
9.52677e-05;2.62633
9.53677e-05;2.63034
9.54677e-05;2.63435
9.55677e-05;2.63834
9.56677e-05;2.64232
9.57677e-05;2.64629
9.58677e-05;2.65025
9.59677e-05;2.6542
9.60677e-05;2.65813
9.61677e-05;2.66206
9.62677e-05;2.66597
9.63677e-05;2.66987
9.64677e-05;2.67376
9.65677e-05;2.67764
9.66677e-05;2.68151
9.67677e-05;2.68536
9.68677e-05;2.68921
9.69677e-05;2.69304
9.70677e-05;2.69686
9.71677e-05;2.70067
9.72677e-05;2.70447
9.73677e-05;2.70826
9.74677e-05;2.71204
9.75677e-05;2.7158
9.76677e-05;2.71956
9.77677e-05;2.72331
9.78677e-05;2.72704
9.79677e-05;2.73076
9.80677e-05;2.73447
9.81677e-05;2.73818
9.82677e-05;2.74187
9.83677e-05;2.74555
9.84677e-05;2.74921
9.85677e-05;2.75287
9.86677e-05;2.75652
9.87677e-05;2.76016
9.88677e-05;2.76378
9.89677e-05;2.7674
9.90677e-05;2.771
9.91677e-05;2.7746
9.92677e-05;2.77818
9.93677e-05;2.78176
9.94677e-05;2.78532
9.95677e-05;2.78887
9.96677e-05;2.79242
9.97677e-05;2.79595
9.98677e-05;2.79947
9.99677e-05;2.80298
0.000100068;2.80648
0.000100168;2.80997
0.000100268;2.81345
0.000100368;2.81693
0.000100468;2.82039
0.000100568;2.82384
0.000100668;2.82728
0.000100768;2.83071
0.000100868;2.83413
0.000100968;2.83754
0.000101068;2.84094
0.000101168;2.84433
0.000101268;2.84771
0.000101368;2.85108
0.000101468;2.85444
0.000101568;2.85779
0.000101668;2.86113
0.000101768;2.86447
0.000101868;2.86779
0.000101968;2.8711
0.000102068;2.8744
0.000102168;2.8777
0.000102268;2.88098
0.000102368;2.88425
0.000102468;2.88752
0.000102568;2.89077
0.000102668;2.89402
0.000102768;2.89725
0.000102868;2.90048
0.000102968;2.9037
0.000103068;2.9069
0.000103168;2.9101
0.000103268;2.91329
0.000103368;2.91647
0.000103468;2.91964
0.000103568;2.9228
0.000103668;2.92595
0.000103768;2.9291
0.000103868;2.93223
0.000103968;2.93535
0.000104068;2.93847
0.000104168;2.94158
0.000104268;2.94467
0.000104368;2.94776
0.000104468;2.95084
0.000104568;2.95391
0.000104668;2.95697
0.000104768;2.96002
0.000104868;2.96307
0.000104968;2.9661
0.000105068;2.96912
0.000105168;2.97214
0.000105268;2.97515
0.000105368;2.97815
0.000105468;2.98114
0.000105568;2.98412
0.000105668;2.98709
0.000105768;2.99006
0.000105868;2.99301
0.000105968;2.99596
0.000106068;2.9989
0.000106168;3.00183
0.000106268;3.00475
0.000106368;3.00766
0.000106468;3.01057
0.000106568;3.01346
0.000106668;3.01635
0.000106768;3.01923
0.000106868;3.0221
0.000106968;3.02496
0.000107068;3.02781
0.000107168;3.03066
0.000107268;3.0335
0.000107368;3.03632
0.000107468;3.03915
0.000107568;3.04196
0.000107668;3.04476
0.000107768;3.04756
0.000107868;3.05035
0.000107968;3.05313
0.000108068;3.0559
0.000108168;3.05866
0.000108268;3.06142
0.000108368;3.06416
0.000108468;3.0669
0.000108568;3.06963
0.000108668;3.07236
0.000108768;3.07507
0.000108868;3.07778
0.000108968;3.08048
0.000109068;3.08317
0.000109168;3.08585
0.000109268;3.08853
0.000109368;3.0912
0.000109468;3.09386
0.000109568;3.09651
0.000109668;3.09916
0.000109768;3.10179
0.000109868;3.10442
0.000109968;3.10704
0.000110068;3.10966
0.000110168;3.11227
0.000110268;3.11486
0.000110368;3.11746
0.000110468;3.12004
0.000110568;3.12262
0.000110668;3.12518
0.000110768;3.12775
0.000110868;3.1303
0.000110968;3.13285
0.000111068;3.13538
0.000111168;3.13792
0.000111268;3.14044
0.000111368;3.14296
0.000111468;3.14547
0.000111568;3.14797
0.000111668;3.15046
0.000111768;3.15295
0.000111868;3.15543
0.000111968;3.1579
0.000112068;3.16037
0.000112168;3.16283
0.000112268;3.16528
0.000112368;3.16772
0.000112468;3.17016
0.000112568;3.17259
0.000112668;3.17501
0.000112768;3.17743
0.000112868;3.17984
0.000112968;3.18224
0.000113068;3.18463
0.000113168;3.18702
0.000113268;3.1894
0.000113368;3.19178
0.000113468;3.19414
0.000113568;3.1965
0.000113668;3.19886
0.000113768;3.2012
0.000113868;3.20354
0.000113968;3.20587
0.000114068;3.2082
0.000114168;3.21052
0.000114268;3.21283
0.000114368;3.21514
0.000114468;3.21743
0.000114568;3.21973
0.000114668;3.22201
0.000114768;3.22429
0.000114868;3.22656
0.000114968;3.22883
0.000115068;3.23109
0.000115168;3.23334
0.000115268;3.23558
0.000115368;3.23782
0.000115468;3.24006
0.000115568;3.24228
0.000115668;3.2445
0.000115768;3.24671
0.000115868;3.24892
0.000115968;3.25112
0.000116068;3.25331
0.000116168;3.2555
0.000116268;3.25768
0.000116368;3.25986
0.000116468;3.26202
0.000116568;3.26419
0.000116668;3.26634
0.000116768;3.26849
0.000116868;3.27063
0.000116968;3.27277
0.000117068;3.2749
0.000117168;3.27702
0.000117268;3.27914
0.000117368;3.28125
0.000117468;3.28336
0.000117568;3.28546
0.000117668;3.28755
0.000117768;3.28964
0.000117868;3.29172
0.000117968;3.2938
0.000118068;3.29587
0.000118168;3.29793
0.000118268;3.29999
0.000118368;3.30204
0.000118468;3.30408
0.000118568;3.30612
0.000118668;3.30815
0.000118768;3.31018
0.000118868;3.3122
0.000118968;3.31422
0.000119068;3.31623
0.000119168;3.31823
0.000119268;3.32023
0.000119368;3.32222
0.000119468;3.32421
0.000119568;3.32619
0.000119668;3.32816
0.000119768;3.33013
0.000119868;3.33209
0.000119968;3.33405
0.000120068;3.336
0.000120168;3.33795
0.000120268;3.33989
0.000120368;3.34182
0.000120468;3.34375
0.000120568;3.34567
0.000120668;3.34759
0.000120768;3.3495
0.000120868;3.35141
0.000120968;3.35331
0.000121068;3.35521
0.000121168;3.3571
0.000121268;3.35898
0.000121368;3.36086
0.000121468;3.36273
0.000121568;3.3646
0.000121668;3.36646
0.000121768;3.36832
0.000121868;3.37017
0.000121968;3.37202
0.000122068;3.37386
0.000122168;3.37569
0.000122268;3.37752
0.000122368;3.37935
0.000122468;3.38117
0.000122568;3.38298
0.000122668;3.38479
0.000122768;3.38659
0.000122868;3.38839
0.000122968;3.39018
0.000123068;3.39197
0.000123168;3.39375
0.000123268;3.39553
0.000123368;3.3973
0.000123468;3.39907
0.000123568;3.40083
0.000123668;3.40259
0.000123768;3.40434
0.000123868;3.40609
0.000123968;3.40783
0.000124068;3.40956
0.000124168;3.41129
0.000124268;3.41302
0.000124368;3.41474
0.000124468;3.41646
0.000124568;3.41817
0.000124668;3.41987
0.000124768;3.42158
0.000124868;3.42327
0.000124968;3.42496
0.000125068;3.42665
0.000125168;3.42833
0.000125268;3.43001
0.000125368;3.43168
0.000125468;3.43334
0.000125568;3.43501
0.000125668;3.43666
0.000125768;3.43831
0.000125868;3.43996
0.000125968;3.4416
0.000126068;3.44324
0.000126168;3.44487
0.000126268;3.4465
0.000126368;3.44812
0.000126468;3.44974
0.000126568;3.45136
0.000126668;3.45297
0.000126768;3.45457
0.000126868;3.45617
0.000126968;3.45776
0.000127068;3.45936
0.000127168;3.46094
0.000127268;3.46252
0.000127368;3.4641
0.000127468;3.46567
0.000127568;3.46724
0.000127668;3.4688
0.000127768;3.47036
0.000127868;3.47191
0.000127968;3.47346
0.000128068;3.475
0.000128168;3.47654
0.000128268;3.47808
0.000128368;3.47961
0.000128468;3.48114
0.000128568;3.48266
0.000128668;3.48418
0.000128768;3.48569
0.000128868;3.4872
0.000128968;3.4887
0.000129068;3.4902
0.000129168;3.4917
0.000129268;3.49319
0.000129368;3.49468
0.000129468;3.49616
0.000129568;3.49764
0.000129668;3.49911
0.000129768;3.50058
0.000129868;3.50205
0.000129968;3.50351
0.000130068;3.50496
0.000130168;3.50642
0.000130268;3.50787
0.000130368;3.50931
0.000130468;3.51075
0.000130568;3.51218
0.000130668;3.51362
0.000130768;3.51504
0.000130868;3.51647
0.000130968;3.51789
0.000131068;3.5193
0.000131168;3.52071
0.000131268;3.52212
0.000131368;3.52352
0.000131468;3.52492
0.000131568;3.52631
0.000131668;3.5277
0.000131768;3.52909
0.000131868;3.53047
0.000131968;3.53185
0.000132068;3.53322
0.000132168;3.53459
0.000132268;3.53596
0.000132368;3.53732
0.000132468;3.53868
0.000132568;3.54003
0.000132668;3.54138
0.000132768;3.54273
0.000132868;3.54407
0.000132968;3.54541
0.000133068;3.54674
0.000133168;3.54807
0.000133268;3.5494
0.000133368;3.55072
0.000133468;3.55204
0.000133568;3.55336
0.000133668;3.55467
0.000133768;3.55597
0.000133868;3.55728
0.000133968;3.55858
0.000134068;3.55987
0.000134168;3.56117
0.000134268;3.56245
0.000134368;3.56374
0.000134468;3.56502
0.000134568;3.5663
0.000134668;3.56757
0.000134768;3.56884
0.000134868;3.57011
0.000134968;3.57137
0.000135068;3.57263
0.000135168;3.57388
0.000135268;3.57513
0.000135368;3.57638
0.000135468;3.57762
0.000135568;3.57886
0.000135668;3.5801
0.000135768;3.58133
0.000135868;3.58256
0.000135968;3.58379
0.000136068;3.58501
0.000136168;3.58623
0.000136268;3.58744
0.000136368;3.58866
0.000136468;3.58986
0.000136568;3.59107
0.000136668;3.59227
0.000136768;3.59347
0.000136868;3.59466
0.000136968;3.59585
0.000137068;3.59704
0.000137168;3.59822
0.000137268;3.5994
0.000137368;3.60058
0.000137468;3.60175
0.000137568;3.60292
0.000137668;3.60409
0.000137768;3.60525
0.000137868;3.60641
0.000137968;3.60757
0.000138068;3.60872
0.000138168;3.60987
0.000138268;3.61102
0.000138368;3.61216
0.000138468;3.6133
0.000138568;3.61443
0.000138668;3.61557
0.000138768;3.6167
0.000138868;3.61782
0.000138968;3.61894
0.000139068;3.62006
0.000139168;3.62118
0.000139268;3.62229
0.000139368;3.6234
0.000139468;3.62451
0.000139568;3.62561
0.000139668;3.62671
0.000139768;3.62781
0.000139868;3.6289
0.000139968;3.62999
0.000140068;3.63108
0.000140168;3.63217
0.000140268;3.63325
0.000140368;3.63432
0.000140468;3.6354
0.000140568;3.63647
0.000140668;3.63754
0.000140768;3.6386
0.000140868;3.63967
0.000140968;3.64073
0.000141068;3.64178
0.000141168;3.64283
0.000141268;3.64388
0.000141368;3.64493
0.000141468;3.64597
0.000141568;3.64701
0.000141668;3.64805
0.000141768;3.64909
0.000141868;3.65012
0.000141968;3.65115
0.000142068;3.65217
0.000142168;3.65319
0.000142268;3.65421
0.000142368;3.65523
0.000142468;3.65624
0.000142568;3.65725
0.000142668;3.65826
0.000142768;3.65927
0.000142868;3.66027
0.000142968;3.66127
0.000143068;3.66226
0.000143168;3.66326
0.000143268;3.66425
0.000143368;3.66523
0.000143468;3.66622
0.000143568;3.6672
0.000143668;3.66818
0.000143768;3.66915
0.000143868;3.67013
0.000143968;3.6711
0.000144068;3.67206
0.000144168;3.67303
0.000144268;3.67399
0.000144368;3.67495
0.000144468;3.6759
0.000144568;3.67686
0.000144668;3.67781
0.000144768;3.67876
0.000144868;3.6797
0.000144968;3.68064
0.000145068;3.68158
0.000145168;3.68252
0.000145268;3.68345
0.000145368;3.68438
0.000145468;3.68531
0.000145568;3.68624
0.000145668;3.68716
0.000145768;3.68808
0.000145868;3.689
0.000145968;3.68991
0.000146068;3.69082
0.000146168;3.69173
0.000146268;3.69264
0.000146368;3.69355
0.000146468;3.69445
0.000146568;3.69535
0.000146668;3.69624
0.000146768;3.69714
0.000146868;3.69803
0.000146968;3.69892
0.000147068;3.6998
0.000147168;3.70068
0.000147268;3.70157
0.000147368;3.70244
0.000147468;3.70332
0.000147568;3.70419
0.000147668;3.70506
0.000147768;3.70593
0.000147868;3.7068
0.000147968;3.70766
0.000148068;3.70852
0.000148168;3.70938
0.000148268;3.71023
0.000148368;3.71109
0.000148468;3.71194
0.000148568;3.71278
0.000148668;3.71363
0.000148768;3.71447
0.000148868;3.71531
0.000148968;3.71615
0.000149068;3.71699
0.000149168;3.71782
0.000149268;3.71865
0.000149368;3.71948
0.000149468;3.7203
0.000149568;3.72113
0.000149668;3.72195
0.000149768;3.72277
0.000149868;3.72358
0.000149968;3.7244
0.000150068;3.72521
0.000150168;3.72602
0.000150268;3.72682
0.000150368;3.72763
0.000150468;3.72843
0.000150568;3.72923
0.000150668;3.73003
0.000150768;3.73082
0.000150868;3.73161
0.000150968;3.7324
0.000151068;3.73319
0.000151168;3.73398
0.000151268;3.73476
0.000151368;3.73554
0.000151468;3.73632
0.000151568;3.7371
0.000151668;3.73787
0.000151768;3.73864
0.000151868;3.73941
0.000151968;3.74018
0.000152068;3.74095
0.000152168;3.74171
0.000152268;3.74247
0.000152368;3.74323
0.000152468;3.74399
0.000152568;3.74474
0.000152668;3.74549
0.000152768;3.74624
0.000152868;3.74699
0.000152968;3.74774
0.000153068;3.74848
0.000153168;3.74922
0.000153268;3.74996
0.000153368;3.7507
0.000153468;3.75143
0.000153568;3.75216
0.000153668;3.75289
0.000153768;3.75362
0.000153868;3.75435
0.000153968;3.75507
0.000154068;3.75579
0.000154168;3.75651
0.000154268;3.75723
0.000154368;3.75795
0.000154468;3.75866
0.000154568;3.75937
0.000154668;3.76008
0.000154768;3.76079
0.000154868;3.76149
0.000154968;3.76219
0.000155068;3.7629
0.000155168;3.76359
0.000155268;3.76429
0.000155368;3.76499
0.000155468;3.76568
0.000155568;3.76637
0.000155668;3.76706
0.000155768;3.76774
0.000155868;3.76843
0.000155968;3.76911
0.000156068;3.76979
0.000156168;3.77047
0.000156268;3.77115
0.000156368;3.77182
0.000156468;3.7725
0.000156568;3.77317
0.000156668;3.77384
0.000156768;3.7745
0.000156868;3.77517
0.000156968;3.77583
0.000157068;3.77649
0.000157168;3.77715
0.000157268;3.77781
0.000157368;3.77846
0.000157468;3.77912
0.000157568;3.77977
0.000157668;3.78042
0.000157768;3.78107
0.000157868;3.78171
0.000157968;3.78236
0.000158068;3.783
0.000158168;3.78364
0.000158268;3.78428
0.000158368;3.78491
0.000158468;3.78555
0.000158568;3.78618
0.000158668;3.78681
0.000158768;3.78744
0.000158868;3.78807
0.000158968;3.78869
0.000159068;3.78932
0.000159168;3.78994
0.000159268;3.79056
0.000159368;3.79118
0.000159468;3.79179
0.000159568;3.79241
0.000159668;3.79302
0.000159768;3.79363
0.000159868;3.79424
0.000159968;3.79485
0.000160068;3.79545
0.000160168;3.79606
0.000160268;3.79666
0.000160368;3.79726
0.000160468;3.79786
0.000160568;3.79845
0.000160668;3.79905
0.000160768;3.79964
0.000160868;3.80023
0.000160968;3.80082
0.000161068;3.80141
0.000161168;3.802
0.000161268;3.80258
0.000161368;3.80316
0.000161468;3.80375
0.000161568;3.80432
0.000161668;3.8049
0.000161768;3.80548
0.000161868;3.80605
0.000161968;3.80663
0.000162068;3.8072
0.000162168;3.80777
0.000162268;3.80833
0.000162368;3.8089
0.000162468;3.80946
0.000162568;3.81003
0.000162668;3.81059
0.000162768;3.81115
0.000162868;3.81171
0.000162968;3.81226
0.000163068;3.81282
0.000163168;3.81337
0.000163268;3.81392
0.000163368;3.81447
0.000163468;3.81502
0.000163568;3.81557
0.000163668;3.81611
0.000163768;3.81665
0.000163868;3.8172
0.000163968;3.81774
0.000164068;3.81827
0.000164168;3.81881
0.000164268;3.81935
0.000164368;3.81988
0.000164468;3.82041
0.000164568;3.82094
0.000164668;3.82147
0.000164768;3.822
0.000164868;3.82253
0.000164968;3.82305
0.000165068;3.82357
0.000165168;3.8241
0.000165268;3.82462
0.000165368;3.82513
0.000165468;3.82565
0.000165568;3.82617
0.000165668;3.82668
0.000165768;3.82719
0.000165868;3.8277
0.000165968;3.82821
0.000166068;3.82872
0.000166168;3.82923
0.000166268;3.82973
0.000166368;3.83024
0.000166468;3.83074
0.000166568;3.83124
0.000166668;3.83174
0.000166768;3.83224
0.000166868;3.83273
0.000166968;3.83323
0.000167068;3.83372
0.000167168;3.83421
0.000167268;3.8347
0.000167368;3.83519
0.000167468;3.83568
0.000167568;3.83617
0.000167668;3.83665
0.000167768;3.83713
0.000167868;3.83762
0.000167968;3.8381
0.000168068;3.83857
0.000168168;3.83905
0.000168268;3.83953
0.000168368;3.84
0.000168468;3.84048
0.000168568;3.84095
0.000168668;3.84142
0.000168768;3.84189
0.000168868;3.84236
0.000168968;3.84282
0.000169068;3.84329
0.000169168;3.84375
0.000169268;3.84422
0.000169368;3.84468
0.000169468;3.84514
0.000169568;3.84559
0.000169668;3.84605
0.000169768;3.84651
0.000169868;3.84696
0.000169968;3.84742
0.000170068;3.84787
0.000170168;3.84832
0.000170268;3.84877
0.000170368;3.84921
0.000170468;3.84966
0.000170568;3.85011
0.000170668;3.85055
0.000170768;3.85099
0.000170868;3.85143
0.000170968;3.85187
0.000171068;3.85231
0.000171168;3.85275
0.000171268;3.85319
0.000171368;3.85362
0.000171468;3.85406
0.000171568;3.85449
0.000171668;3.85492
0.000171768;3.85535
0.000171868;3.85578
0.000171968;3.85621
0.000172068;3.85663
0.000172168;3.85706
0.000172268;3.85748
0.000172368;3.8579
0.000172468;3.85832
0.000172568;3.85874
0.000172668;3.85916
0.000172768;3.85958
0.000172868;3.86
0.000172968;3.86041
0.000173068;3.86082
0.000173168;3.86124
0.000173268;3.86165
0.000173368;3.86206
0.000173468;3.86247
0.000173568;3.86288
0.000173668;3.86328
0.000173768;3.86369
0.000173868;3.86409
0.000173968;3.86449
0.000174068;3.8649
0.000174168;3.8653
0.000174268;3.8657
0.000174368;3.8661
0.000174468;3.86649
0.000174568;3.86689
0.000174668;3.86728
0.000174768;3.86768
0.000174868;3.86807
0.000174968;3.86846
0.000175068;3.86885
0.000175168;3.86924
0.000175268;3.86963
0.000175368;3.87001
0.000175468;3.8704
0.000175568;3.87079
0.000175668;3.87117
0.000175768;3.87155
0.000175868;3.87193
0.000175968;3.87231
0.000176068;3.87269
0.000176168;3.87307
0.000176268;3.87345
0.000176368;3.87382
0.000176468;3.8742
0.000176568;3.87457
0.000176668;3.87494
0.000176768;3.87531
0.000176868;3.87568
0.000176968;3.87605
0.000177068;3.87642
0.000177168;3.87679
0.000177268;3.87715
0.000177368;3.87752
0.000177468;3.87788
0.000177568;3.87825
0.000177668;3.87861
0.000177768;3.87897
0.000177868;3.87933
0.000177968;3.87969
0.000178068;3.88004
0.000178168;3.8804
0.000178268;3.88075
0.000178368;3.88111
0.000178468;3.88146
0.000178568;3.88181
0.000178668;3.88217
0.000178768;3.88252
0.000178868;3.88287
0.000178968;3.88321
0.000179068;3.88356
0.000179168;3.88391
0.000179268;3.88425
0.000179368;3.8846
0.000179468;3.88494
0.000179568;3.88528
0.000179668;3.88562
0.000179768;3.88596
0.000179868;3.8863
0.000179968;3.88664
0.000180068;3.88698
0.000180168;3.88731
0.000180268;3.88765
0.000180368;3.88798
0.000180468;3.88831
0.000180568;3.88865
0.000180668;3.88898
0.000180768;3.88931
0.000180868;3.88964
0.000180968;3.88997
0.000181068;3.89029
0.000181168;3.89062
0.000181268;3.89095
0.000181368;3.89127
0.000181468;3.89159
0.000181568;3.89192
0.000181668;3.89224
0.000181768;3.89256
0.000181868;3.89288
0.000181968;3.8932
0.000182068;3.89351
0.000182168;3.89383
0.000182268;3.89415
0.000182368;3.89446
0.000182468;3.89478
0.000182568;3.89509
0.000182668;3.8954
0.000182768;3.89571
0.000182868;3.89602
0.000182968;3.89633
0.000183068;3.89664
0.000183168;3.89695
0.000183268;3.89726
0.000183368;3.89756
0.000183468;3.89787
0.000183568;3.89817
0.000183668;3.89848
0.000183768;3.89878
0.000183868;3.89908
0.000183968;3.89938
0.000184068;3.89968
0.000184168;3.89998
0.000184268;3.90028
0.000184368;3.90058
0.000184468;3.90087
0.000184568;3.90117
0.000184668;3.90146
0.000184768;3.90176
0.000184868;3.90205
0.000184968;3.90234
0.000185068;3.90263
0.000185168;3.90292
0.000185268;3.90321
0.000185368;3.9035
0.000185468;3.90379
0.000185568;3.90407
0.000185668;3.90436
0.000185768;3.90465
0.000185868;3.90493
0.000185968;3.90521
0.000186068;3.9055
0.000186168;3.90578
0.000186268;3.90606
0.000186368;3.90634
0.000186468;3.90662
0.000186568;3.9069
0.000186668;3.90718
0.000186768;3.90745
0.000186868;3.90773
0.000186968;3.908
0.000187068;3.90828
0.000187168;3.90855
0.000187268;3.90883
0.000187368;3.9091
0.000187468;3.90937
0.000187568;3.90964
0.000187668;3.90991
0.000187768;3.91018
0.000187868;3.91045
0.000187968;3.91071
0.000188068;3.91098
0.000188168;3.91125
0.000188268;3.91151
0.000188368;3.91178
0.000188468;3.91204
0.000188568;3.9123
0.000188668;3.91257
0.000188768;3.91283
0.000188868;3.91309
0.000188968;3.91335
0.000189068;3.91361
0.000189168;3.91386
0.000189268;3.91412
0.000189368;3.91438
0.000189468;3.91463
0.000189568;3.91489
0.000189668;3.91514
0.000189768;3.9154
0.000189868;3.91565
0.000189968;3.9159
0.000190068;3.91615
0.000190168;3.9164
0.000190268;3.91665
0.000190368;3.9169
0.000190468;3.91715
0.000190568;3.9174
0.000190668;3.91765
0.000190768;3.91789
0.000190868;3.91814
0.000190968;3.91838
0.000191068;3.91863
0.000191168;3.91887
0.000191268;3.91911
0.000191368;3.91936
0.000191468;3.9196
0.000191568;3.91984
0.000191668;3.92008
0.000191768;3.92032
0.000191868;3.92056
0.000191968;3.92079
0.000192068;3.92103
0.000192168;3.92127
0.000192268;3.9215
0.000192368;3.92174
0.000192468;3.92197
0.000192568;3.92221
0.000192668;3.92244
0.000192768;3.92267
0.000192868;3.9229
0.000192968;3.92314
0.000193068;3.92337
0.000193168;3.9236
0.000193268;3.92382
0.000193368;3.92405
0.000193468;3.92428
0.000193568;3.92451
0.000193668;3.92473
0.000193768;3.92496
0.000193868;3.92518
0.000193968;3.92541
0.000194068;3.92563
0.000194168;3.92585
0.000194268;3.92608
0.000194368;3.9263
0.000194468;3.92652
0.000194568;3.92674
0.000194668;3.92696
0.000194768;3.92718
0.000194868;3.9274
0.000194968;3.92762
0.000195068;3.92783
0.000195168;3.92805
0.000195268;3.92827
0.000195368;3.92848
0.000195468;3.9287
0.000195568;3.92891
0.000195668;3.92912
0.000195768;3.92934
0.000195868;3.92955
0.000195968;3.92976
0.000196068;3.92997
0.000196168;3.93018
0.000196268;3.93039
0.000196368;3.9306
0.000196468;3.93081
0.000196568;3.93102
0.000196668;3.93122
0.000196768;3.93143
0.000196868;3.93164
0.000196968;3.93184
0.000197068;3.93205
0.000197168;3.93225
0.000197268;3.93245
0.000197368;3.93266
0.000197468;3.93286
0.000197568;3.93306
0.000197668;3.93326
0.000197768;3.93346
0.000197868;3.93366
0.000197968;3.93386
0.000198068;3.93406
0.000198168;3.93426
0.000198268;3.93446
0.000198368;3.93465
0.000198468;3.93485
0.000198568;3.93505
0.000198668;3.93524
0.000198768;3.93544
0.000198868;3.93563
0.000198968;3.93583
0.000199068;3.93602
0.000199168;3.93621
0.000199268;3.9364
0.000199368;3.9366
0.000199468;3.93679
0.000199568;3.93698
0.000199668;3.93717
0.000199768;3.93736
0.000199868;3.93754
0.000199968;3.93773
0.000200068;3.93792
0.000200168;3.93811
0.000200268;3.93829
0.000200368;3.93848
0.000200468;3.93866
0.000200568;3.93885
0.000200668;3.93903
0.000200768;3.93922
0.000200868;3.9394
0.000200968;3.93958
0.000201068;3.93977
0.000201168;3.93995
0.000201268;3.94013
0.000201368;3.94031
0.000201468;3.94049
0.000201568;3.94067
0.000201668;3.94085
0.000201768;3.94103
0.000201868;3.9412
0.000201968;3.94138
0.000202068;3.94156
0.000202168;3.94174
0.000202268;3.94191
0.000202368;3.94209
0.000202468;3.94226
0.000202568;3.94244
0.000202668;3.94261
0.000202768;3.94278
0.000202868;3.94296
0.000202968;3.94313
0.000203068;3.9433
0.000203168;3.94347
0.000203268;3.94364
0.000203368;3.94381
0.000203468;3.94398
0.000203568;3.94415
0.000203668;3.94432
0.000203768;3.94449
0.000203868;3.94466
0.000203968;3.94482
0.000204068;3.94499
0.000204168;3.94516
0.000204268;3.94532
0.000204368;3.94549
0.000204468;3.94565
0.000204568;3.94582
0.000204668;3.94598
0.000204768;3.94614
0.000204868;3.94631
0.000204968;3.94647
0.000205068;3.94663
0.000205168;3.94679
0.000205268;3.94695
0.000205368;3.94712
0.000205468;3.94728
0.000205568;3.94744
0.000205668;3.94759
0.000205768;3.94775
0.000205868;3.94791
0.000205968;3.94807
0.000206068;3.94823
0.000206168;3.94838
0.000206268;3.94854
0.000206368;3.9487
0.000206468;3.94885
0.000206568;3.94901
0.000206668;3.94916
0.000206768;3.94931
0.000206868;3.94947
0.000206968;3.94962
0.000207068;3.94977
0.000207168;3.94993
0.000207268;3.95008
0.000207368;3.95023
0.000207468;3.95038
0.000207568;3.95053
0.000207668;3.95068
0.000207768;3.95083
0.000207868;3.95098
0.000207968;3.95113
0.000208068;3.95128
0.000208168;3.95143
0.000208268;3.95157
0.000208368;3.95172
0.000208468;3.95187
0.000208568;3.95201
0.000208668;3.95216
0.000208768;3.9523
0.000208868;3.95245
0.000208968;3.95259
0.000209068;3.95274
0.000209168;3.95288
0.000209268;3.95303
0.000209368;3.95317
0.000209468;3.95331
0.000209568;3.95345
0.000209668;3.95359
0.000209768;3.95374
0.000209868;3.95388
0.000209968;3.95402
0.000210068;3.95416
0.000210168;3.9543
0.000210268;3.95443
0.000210368;3.95457
0.000210468;3.95471
0.000210568;3.95485
0.000210668;3.95499
0.000210768;3.95512
0.000210868;3.95526
0.000210968;3.9554
0.000211068;3.95553
0.000211168;3.95567
0.000211268;3.9558
0.000211368;3.95594
0.000211468;3.95607
0.000211568;3.95621
0.000211668;3.95634
0.000211768;3.95647
0.000211868;3.95661
0.000211968;3.95674
0.000212068;3.95687
0.000212168;3.957
0.000212268;3.95713
0.000212368;3.95726
0.000212468;3.95739
0.000212568;3.95752
0.000212668;3.95765
0.000212768;3.95778
0.000212868;3.95791
0.000212968;3.95804
0.000213068;3.95817
0.000213168;3.9583
0.000213268;3.95842
0.000213368;3.95855
0.000213468;3.95868
0.000213568;3.9588
0.000213668;3.95893
0.000213768;3.95906
0.000213868;3.95918
0.000213968;3.95931
0.000214068;3.95943
0.000214168;3.95955
0.000214268;3.95968
0.000214368;3.9598
0.000214468;3.95992
0.000214568;3.96005
0.000214668;3.96017
0.000214768;3.96029
0.000214868;3.96041
0.000214968;3.96053
0.000215068;3.96065
0.000215168;3.96077
0.000215268;3.96089
0.000215368;3.96101
0.000215468;3.96113
0.000215568;3.96125
0.000215668;3.96137
0.000215768;3.96149
0.000215868;3.96161
0.000215968;3.96173
0.000216068;3.96184
0.000216168;3.96196
0.000216268;3.96208
0.000216368;3.96219
0.000216468;3.96231
0.000216568;3.96242
0.000216668;3.96254
0.000216768;3.96266
0.000216868;3.96277
0.000216968;3.96288
0.000217068;3.963
0.000217168;3.96311
0.000217268;3.96323
0.000217368;3.96334
0.000217468;3.96345
0.000217568;3.96356
0.000217668;3.96367
0.000217768;3.96379
0.000217868;3.9639
0.000217968;3.96401
0.000218068;3.96412
0.000218168;3.96423
0.000218268;3.96434
0.000218368;3.96445
0.000218468;3.96456
0.000218568;3.96467
0.000218668;3.96478
0.000218768;3.96489
0.000218868;3.96499
0.000218968;3.9651
0.000219068;3.96521
0.000219168;3.96532
0.000219268;3.96542
0.000219368;3.96553
0.000219468;3.96564
0.000219568;3.96574
0.000219668;3.96585
0.000219768;3.96595
0.000219868;3.96606
0.000219968;3.96616
0.000220068;3.96627
0.000220168;3.96637
0.000220268;3.96647
0.000220368;3.96658
0.000220468;3.96668
0.000220568;3.96678
0.000220668;3.96689
0.000220768;3.96699
0.000220868;3.96709
0.000220968;3.96719
0.000221068;3.96729
0.000221168;3.96739
0.000221268;3.96749
0.000221368;3.9676
0.000221468;3.9677
0.000221568;3.9678
0.000221668;3.96789
0.000221768;3.96799
0.000221868;3.96809
0.000221968;3.96819
0.000222068;3.96829
0.000222168;3.96839
0.000222268;3.96849
0.000222368;3.96858
0.000222468;3.96868
0.000222568;3.96878
0.000222668;3.96887
0.000222768;3.96897
0.000222868;3.96907
0.000222968;3.96916
0.000223068;3.96926
0.000223168;3.96935
0.000223268;3.96945
0.000223368;3.96954
0.000223468;3.96964
0.000223568;3.96973
0.000223668;3.96983
0.000223768;3.96992
0.000223868;3.97001
0.000223968;3.97011
0.000224068;3.9702
0.000224168;3.97029
0.000224268;3.97038
0.000224368;3.97048
0.000224468;3.97057
0.000224568;3.97066
0.000224668;3.97075
0.000224768;3.97084
0.000224868;3.97093
0.000224968;3.97102
0.000225068;3.97111
0.000225168;3.9712
0.000225268;3.97129
0.000225368;3.97138
0.000225468;3.97147
0.000225568;3.97156
0.000225668;3.97165
0.000225768;3.97174
0.000225868;3.97182
0.000225968;3.97191
0.000226068;3.972
0.000226168;3.97209
0.000226268;3.97217
0.000226368;3.97226
0.000226468;3.97235
0.000226568;3.97243
0.000226668;3.97252
0.000226768;3.9726
0.000226868;3.97269
0.000226968;3.97278
0.000227068;3.97286
0.000227168;3.97295
0.000227268;3.97303
0.000227368;3.97311
0.000227468;3.9732
0.000227568;3.97328
0.000227668;3.97337
0.000227768;3.97345
0.000227868;3.97353
0.000227968;3.97361
0.000228068;3.9737
0.000228168;3.97378
0.000228268;3.97386
0.000228368;3.97394
0.000228468;3.97402
0.000228568;3.97411
0.000228668;3.97419
0.000228768;3.97427
0.000228868;3.97435
0.000228968;3.97443
0.000229068;3.97451
0.000229168;3.97459
0.000229268;3.97467
0.000229368;3.97475
0.000229468;3.97483
0.000229568;3.97491
0.000229668;3.97498
0.000229768;3.97506
0.000229868;3.97514
0.000229968;3.97522
0.000230068;3.9753
0.000230168;3.97538
0.000230268;3.97545
0.000230368;3.97553
0.000230468;3.97561
0.000230568;3.97568
0.000230668;3.97576
0.000230768;3.97584
0.000230868;3.97591
0.000230968;3.97599
0.000231068;3.97606
0.000231168;3.97614
0.000231268;3.97621
0.000231368;3.97629
0.000231468;3.97636
0.000231568;3.97644
0.000231668;3.97651
0.000231768;3.97659
0.000231868;3.97666
0.000231968;3.97673
0.000232068;3.97681
0.000232168;3.97688
0.000232268;3.97695
0.000232368;3.97703
0.000232468;3.9771
0.000232568;3.97717
0.000232668;3.97724
0.000232768;3.97731
0.000232868;3.97739
0.000232968;3.97746
0.000233068;3.97753
0.000233168;3.9776
0.000233268;3.97767
0.000233368;3.97774
0.000233468;3.97781
0.000233568;3.97788
0.000233668;3.97795
0.000233768;3.97802
0.000233868;3.97809
0.000233968;3.97816
0.000234068;3.97823
0.000234168;3.9783
0.000234268;3.97837
0.000234368;3.97844
0.000234468;3.97851
0.000234568;3.97857
0.000234668;3.97864
0.000234768;3.97871
0.000234868;3.97878
0.000234968;3.97884
0.000235068;3.97891
0.000235168;3.97898
0.000235268;3.97905
0.000235368;3.97911
0.000235468;3.97918
0.000235568;3.97924
0.000235668;3.97931
0.000235768;3.97938
0.000235868;3.97944
0.000235968;3.97951
0.000236068;3.97957
0.000236168;3.97964
0.000236268;3.9797
0.000236368;3.97977
0.000236468;3.97983
0.000236568;3.9799
0.000236668;3.97996
0.000236768;3.98002
0.000236868;3.98009
0.000236968;3.98015
0.000237068;3.98022
0.000237168;3.98028
0.000237268;3.98034
0.000237368;3.9804
0.000237468;3.98047
0.000237568;3.98053
0.000237668;3.98059
0.000237768;3.98065
0.000237868;3.98072
0.000237968;3.98078
0.000238068;3.98084
0.000238168;3.9809
0.000238268;3.98096
0.000238368;3.98102
0.000238468;3.98108
0.000238568;3.98114
0.000238668;3.9812
0.000238768;3.98126
0.000238868;3.98133
0.000238968;3.98138
0.000239068;3.98144
0.000239168;3.9815
0.000239268;3.98156
0.000239368;3.98162
0.000239468;3.98168
0.000239568;3.98174
0.000239668;3.9818
0.000239768;3.98186
0.000239868;3.98192
0.000239968;3.98197
0.000240068;3.98203
0.000240168;3.98209
0.000240268;3.98215
0.000240368;3.98221
0.000240468;3.98226
0.000240568;3.98232
0.000240668;3.98238
0.000240768;3.98243
0.000240868;3.98249
0.000240968;3.98255
0.000241068;3.9826
0.000241168;3.98266
0.000241268;3.98272
0.000241368;3.98277
0.000241468;3.98283
0.000241568;3.98288
0.000241668;3.98294
0.000241768;3.98299
0.000241868;3.98305
0.000241968;3.9831
0.000242068;3.98316
0.000242168;3.98321
0.000242268;3.98327
0.000242368;3.98332
0.000242468;3.98338
0.000242568;3.98343
0.000242668;3.98348
0.000242768;3.98354
0.000242868;3.98359
0.000242968;3.98364
0.000243068;3.9837
0.000243168;3.98375
0.000243268;3.9838
0.000243368;3.98386
0.000243468;3.98391
0.000243568;3.98396
0.000243668;3.98401
0.000243768;3.98406
0.000243868;3.98412
0.000243968;3.98417
0.000244068;3.98422
0.000244168;3.98427
0.000244268;3.98432
0.000244368;3.98437
0.000244468;3.98442
0.000244568;3.98448
0.000244668;3.98453
0.000244768;3.98458
0.000244868;3.98463
0.000244968;3.98468
0.000245068;3.98473
0.000245168;3.98478
0.000245268;3.98483
0.000245368;3.98488
0.000245468;3.98493
0.000245568;3.98498
0.000245668;3.98503
0.000245768;3.98507
0.000245868;3.98512
0.000245968;3.98517
0.000246068;3.98522
0.000246168;3.98527
0.000246268;3.98532
0.000246368;3.98537
0.000246468;3.98541
0.000246568;3.98546
0.000246668;3.98551
0.000246768;3.98556
0.000246868;3.98561
0.000246968;3.98565
0.000247068;3.9857
0.000247168;3.98575
0.000247268;3.98579
0.000247368;3.98584
0.000247468;3.98589
0.000247568;3.98593
0.000247668;3.98598
0.000247768;3.98603
0.000247868;3.98607
0.000247968;3.98612
0.000248068;3.98616
0.000248168;3.98621
0.000248268;3.98626
0.000248368;3.9863
0.000248468;3.98635
0.000248568;3.98639
0.000248668;3.98644
0.000248768;3.98648
0.000248868;3.98653
0.000248968;3.98657
0.000249068;3.98662
0.000249168;3.98666
0.000249268;3.98671
0.000249368;3.98675
0.000249468;3.98679
0.000249568;3.98684
0.000249668;3.98688
0.000249768;3.98692
0.000249868;3.98697
0.000249968;3.98701
0.000250068;3.98706
0.000250168;3.9871
0.000250268;3.98714
0.000250368;3.98718
0.000250468;3.98723
0.000250568;3.98727
0.000250668;3.98731
0.000250768;3.98735
0.000250868;3.9874
0.000250968;3.98744
0.000251068;3.98748
0.000251168;3.98752
0.000251268;3.98756
0.000251368;3.98761
0.000251468;3.98765
0.000251568;3.98769
0.000251668;3.98773
0.000251768;3.98777
0.000251868;3.98781
0.000251968;3.98785
0.000252068;3.98789
0.000252168;3.98794
0.000252268;3.98798
0.000252368;3.98802
0.000252468;3.98806
0.000252568;3.9881
0.000252668;3.98814
0.000252768;3.98818
0.000252868;3.98822
0.000252968;3.98826
0.000253068;3.9883
0.000253168;3.98834
0.000253268;3.98837
0.000253368;3.98841
0.000253468;3.98845
0.000253568;3.98849
0.000253668;3.98853
0.000253768;3.98857
0.000253868;3.98861
0.000253968;3.98865
0.000254068;3.98869
0.000254168;3.98872
0.000254268;3.98876
0.000254368;3.9888
0.000254468;3.98884
0.000254568;3.98888
0.000254668;3.98891
0.000254768;3.98895
0.000254868;3.98899
0.000254968;3.98903
0.000255068;3.98906
0.000255168;3.9891
0.000255268;3.98914
0.000255368;3.98918
0.000255468;3.98921
0.000255568;3.98925
0.000255668;3.98929
0.000255768;3.98932
0.000255868;3.98936
0.000255968;3.9894
0.000256068;3.98943
0.000256168;3.98947
0.000256268;3.9895
0.000256368;3.98954
0.000256468;3.98958
0.000256568;3.98961
0.000256668;3.98965
0.000256768;3.98968
0.000256868;3.98972
0.000256968;3.98975
0.000257068;3.98979
0.000257168;3.98982
0.000257268;3.98986
0.000257368;3.98989
0.000257468;3.98993
0.000257568;3.98996
0.000257668;3.99
0.000257768;3.99003
0.000257868;3.99007
0.000257968;3.9901
0.000258068;3.99014
0.000258168;3.99017
0.000258268;3.9902
0.000258368;3.99024
0.000258468;3.99027
0.000258568;3.99031
0.000258668;3.99034
0.000258768;3.99037
0.000258868;3.99041
0.000258968;3.99044
0.000259068;3.99047
0.000259168;3.99051
0.000259268;3.99054
0.000259368;3.99057
0.000259468;3.9906
0.000259568;3.99064
0.000259668;3.99067
0.000259768;3.9907
0.000259868;3.99074
0.000259968;3.99077
0.000260068;3.9908
0.000260168;3.99083
0.000260268;3.99086
0.000260368;3.9909
0.000260468;3.99093
0.000260568;3.99096
0.000260668;3.99099
0.000260768;3.99102
0.000260868;3.99105
0.000260968;3.99109
0.000261068;3.99112
0.000261168;3.99115
0.000261268;3.99118
0.000261368;3.99121
0.000261468;3.99124
0.000261568;3.99127
0.000261668;3.9913
0.000261768;3.99133
0.000261868;3.99136
0.000261968;3.9914
0.000262068;3.99143
0.000262168;3.99146
0.000262268;3.99149
0.000262368;3.99152
0.000262468;3.99155
0.000262568;3.99158
0.000262668;3.99161
0.000262768;3.99164
0.000262868;3.99167
0.000262968;3.9917
0.000263068;3.99173
0.000263168;3.99175
0.000263268;3.99178
0.000263368;3.99181
0.000263468;3.99184
0.000263568;3.99187
0.000263668;3.9919
0.000263768;3.99193
0.000263868;3.99196
0.000263968;3.99199
0.000264068;3.99202
0.000264168;3.99204
0.000264268;3.99207
0.000264368;3.9921
0.000264468;3.99213
0.000264568;3.99216
0.000264668;3.99219
0.000264768;3.99221
0.000264868;3.99224
0.000264968;3.99227
0.000265068;3.9923
0.000265168;3.99233
0.000265268;3.99235
0.000265368;3.99238
0.000265468;3.99241
0.000265568;3.99244
0.000265668;3.99246
0.000265768;3.99249
0.000265868;3.99252
0.000265968;3.99255
0.000266068;3.99257
0.000266168;3.9926
0.000266268;3.99263
0.000266368;3.99265
0.000266468;3.99268
0.000266568;3.99271
0.000266668;3.99273
0.000266768;3.99276
0.000266868;3.99279
0.000266968;3.99281
0.000267068;3.99284
0.000267168;3.99286
0.000267268;3.99289
0.000267368;3.99292
0.000267468;3.99294
0.000267568;3.99297
0.000267668;3.99299
0.000267768;3.99302
0.000267868;3.99305
0.000267968;3.99307
0.000268068;3.9931
0.000268168;3.99312
0.000268268;3.99315
0.000268368;3.99317
0.000268468;3.9932
0.000268568;3.99322
0.000268668;3.99325
0.000268768;3.99327
0.000268868;3.9933
0.000268968;3.99332
0.000269068;3.99335
0.000269168;3.99337
0.000269268;3.9934
0.000269368;3.99342
0.000269468;3.99345
0.000269568;3.99347
0.000269668;3.9935
0.000269768;3.99352
0.000269868;3.99354
0.000269968;3.99357
0.000270068;3.99359
0.000270168;3.99362
0.000270268;3.99364
0.000270368;3.99366
0.000270468;3.99369
0.000270568;3.99371
0.000270668;3.99373
0.000270768;3.99376
0.000270868;3.99378
0.000270968;3.99381
0.000271068;3.99383
0.000271168;3.99385
0.000271268;3.99387
0.000271368;3.9939
0.000271468;3.99392
0.000271568;3.99394
0.000271668;3.99397
0.000271768;3.99399
0.000271868;3.99401
0.000271968;3.99404
0.000272068;3.99406
0.000272168;3.99408
0.000272268;3.9941
0.000272368;3.99413
0.000272468;3.99415
0.000272568;3.99417
0.000272668;3.99419
0.000272768;3.99422
0.000272868;3.99424
0.000272968;3.99426
0.000273068;3.99428
0.000273168;3.9943
0.000273268;3.99433
0.000273368;3.99435
0.000273468;3.99437
0.000273568;3.99439
0.000273668;3.99441
0.000273768;3.99443
0.000273868;3.99446
0.000273968;3.99448
0.000274068;3.9945
0.000274168;3.99452
0.000274268;3.99454
0.000274368;3.99456
0.000274468;3.99458
0.000274568;3.9946
0.000274668;3.99463
0.000274768;3.99465
0.000274868;3.99467
0.000274968;3.99469
0.000275068;3.99471
0.000275168;3.99473
0.000275268;3.99475
0.000275368;3.99477
0.000275468;3.99479
0.000275568;3.99481
0.000275668;3.99483
0.000275768;3.99485
0.000275868;3.99487
0.000275968;3.99489
0.000276068;3.99491
0.000276168;3.99493
0.000276268;3.99495
0.000276368;3.99497
0.000276468;3.99499
0.000276568;3.99501
0.000276668;3.99503
0.000276768;3.99505
0.000276868;3.99507
0.000276968;3.99509
0.000277068;3.99511
0.000277168;3.99513
0.000277268;3.99515
0.000277368;3.99517
0.000277468;3.99519
0.000277568;3.99521
0.000277668;3.99523
0.000277768;3.99525
0.000277868;3.99527
0.000277968;3.99529
0.000278068;3.9953
0.000278168;3.99532
0.000278268;3.99534
0.000278368;3.99536
0.000278468;3.99538
0.000278568;3.9954
0.000278668;3.99542
0.000278768;3.99544
0.000278868;3.99545
0.000278968;3.99547
0.000279068;3.99549
0.000279168;3.99551
0.000279268;3.99553
0.000279368;3.99555
0.000279468;3.99556
0.000279568;3.99558
0.000279668;3.9956
0.000279768;3.99562
0.000279868;3.99564
0.000279968;3.99566
0.000280068;3.99567
0.000280168;3.99569
0.000280268;3.99571
0.000280368;3.99573
0.000280468;3.99574
0.000280568;3.99576
0.000280668;3.99578
0.000280768;3.9958
0.000280868;3.99581
0.000280968;3.99583
0.000281068;3.99585
0.000281168;3.99587
0.000281268;3.99588
0.000281368;3.9959
0.000281468;3.99592
0.000281568;3.99594
0.000281668;3.99595
0.000281768;3.99597
0.000281868;3.99599
0.000281968;3.996
0.000282068;3.99602
0.000282168;3.99604
0.000282268;3.99605
0.000282368;3.99607
0.000282468;3.99609
0.000282568;3.9961
0.000282668;3.99612
0.000282768;3.99614
0.000282868;3.99615
0.000282968;3.99617
0.000283068;3.99619
0.000283168;3.9962
0.000283268;3.99622
0.000283368;3.99624
0.000283468;3.99625
0.000283568;3.99627
0.000283668;3.99628
0.000283768;3.9963
0.000283868;3.99632
0.000283968;3.99633
0.000284068;3.99635
0.000284168;3.99636
0.000284268;3.99638
0.000284368;3.9964
0.000284468;3.99641
0.000284568;3.99643
0.000284668;3.99644
0.000284768;3.99646
0.000284868;3.99647
0.000284968;3.99649
0.000285068;3.99651
0.000285168;3.99652
0.000285268;3.99654
0.000285368;3.99655
0.000285468;3.99657
0.000285568;3.99658
0.000285668;3.9966
0.000285768;3.99661
0.000285868;3.99663
0.000285968;3.99664
0.000286068;3.99666
0.000286168;3.99667
0.000286268;3.99669
0.000286368;3.9967
0.000286468;3.99672
0.000286568;3.99673
0.000286668;3.99675
0.000286768;3.99676
0.000286868;3.99678
0.000286968;3.99679
0.000287068;3.99681
0.000287168;3.99682
0.000287268;3.99684
0.000287368;3.99685
0.000287468;3.99686
0.000287568;3.99688
0.000287668;3.99689
0.000287768;3.99691
0.000287868;3.99692
0.000287968;3.99694
0.000288068;3.99695
0.000288168;3.99696
0.000288268;3.99698
0.000288368;3.99699
0.000288468;3.99701
0.000288568;3.99702
0.000288668;3.99703
0.000288768;3.99705
0.000288868;3.99706
0.000288968;3.99708
0.000289068;3.99709
0.000289168;3.9971
0.000289268;3.99712
0.000289368;3.99713
0.000289468;3.99714
0.000289568;3.99716
0.000289668;3.99717
0.000289768;3.99718
0.000289868;3.9972
0.000289968;3.99721
0.000290068;3.99722
0.000290168;3.99724
0.000290268;3.99725
0.000290368;3.99726
0.000290468;3.99728
0.000290568;3.99729
0.000290668;3.9973
0.000290768;3.99732
0.000290868;3.99733
0.000290968;3.99734
0.000291068;3.99736
0.000291168;3.99737
0.000291268;3.99738
0.000291368;3.99739
0.000291468;3.99741
0.000291568;3.99742
0.000291668;3.99743
0.000291768;3.99745
0.000291868;3.99746
0.000291968;3.99747
0.000292068;3.99748
0.000292168;3.9975
0.000292268;3.99751
0.000292368;3.99752
0.000292468;3.99753
0.000292568;3.99755
0.000292668;3.99756
0.000292768;3.99757
0.000292868;3.99758
0.000292968;3.9976
0.000293068;3.99761
0.000293168;3.99762
0.000293268;3.99763
0.000293368;3.99764
0.000293468;3.99766
0.000293568;3.99767
0.000293668;3.99768
0.000293768;3.99769
0.000293868;3.9977
0.000293968;3.99772
0.000294068;3.99773
0.000294168;3.99774
0.000294268;3.99775
0.000294368;3.99776
0.000294468;3.99778
0.000294568;3.99779
0.000294668;3.9978
0.000294768;3.99781
0.000294868;3.99782
0.000294968;3.99783
0.000295068;3.99785
0.000295168;3.99786
0.000295268;3.99787
0.000295368;3.99788
0.000295468;3.99789
0.000295568;3.9979
0.000295668;3.99791
0.000295768;3.99793
0.000295868;3.99794
0.000295968;3.99795
0.000296068;3.99796
0.000296168;3.99797
0.000296268;3.99798
0.000296368;3.99799
0.000296468;3.998
0.000296568;3.99801
0.000296668;3.99803
0.000296768;3.99804
0.000296868;3.99805
0.000296968;3.99806
0.000297068;3.99807
0.000297168;3.99808
0.000297268;3.99809
0.000297368;3.9981
0.000297468;3.99811
0.000297568;3.99812
0.000297668;3.99813
0.000297768;3.99814
0.000297868;3.99816
0.000297968;3.99817
0.000298068;3.99818
0.000298168;3.99819
0.000298268;3.9982
0.000298368;3.99821
0.000298468;3.99822
0.000298568;3.99823
0.000298668;3.99824
0.000298768;3.99825
0.000298868;3.99826
0.000298968;3.99827
0.000299068;3.99828
0.000299168;3.99829
0.000299268;3.9983
0.000299368;3.99831
0.000299468;3.99832
0.000299568;3.99833
0.000299668;3.99834
0.000299768;3.99835
0.000299868;3.99836
0.000299968;3.99837
0.000300068;3.99838
0.000300168;3.99839
0.000300268;3.9984
0.000300368;3.99841
0.000300468;3.99842
0.000300568;3.99843
0.000300668;3.99844
0.000300768;3.99845
0.000300868;3.99846
0.000300968;3.99847
0.000301068;3.99848
0.000301168;3.99849
0.000301268;3.9985
0.000301368;3.99851
0.000301468;3.99852
0.000301568;3.99853
0.000301668;3.99854
0.000301768;3.99855
0.000301868;3.99856
0.000301968;3.99856
0.000302068;3.99857
0.000302168;3.99858
0.000302268;3.99859
0.000302368;3.9986
0.000302468;3.99861
0.000302568;3.99862
0.000302668;3.99863
0.000302768;3.99864
0.000302868;3.99865
0.000302968;3.99866
0.000303068;3.99867
0.000303168;3.99868
0.000303268;3.99868
0.000303368;3.99869
0.000303468;3.9987
0.000303568;3.99871
0.000303668;3.99872
0.000303768;3.99873
0.000303868;3.99874
0.000303968;3.99875
0.000304068;3.99876
0.000304168;3.99877
0.000304268;3.99877
0.000304368;3.99878
0.000304468;3.99879
0.000304568;3.9988
0.000304668;3.99881
0.000304768;3.99882
0.000304868;3.99883
0.000304968;3.99884
0.000305068;3.99884
0.000305168;3.99885
0.000305268;3.99886
0.000305368;3.99887
0.000305468;3.99888
0.000305568;3.99889
0.000305668;3.99889
0.000305768;3.9989
0.000305868;3.99891
0.000305968;3.99892
0.000306068;3.99893
0.000306168;3.99894
0.000306268;3.99895
0.000306368;3.99895
0.000306468;3.99896
0.000306568;3.99897
0.000306668;3.99898
0.000306768;3.99899
0.000306868;3.99899
0.000306968;3.999
0.000307068;3.99901
0.000307168;3.99902
0.000307268;3.99903
0.000307368;3.99903
0.000307468;3.99904
0.000307568;3.99905
0.000307668;3.99906
0.000307768;3.99907
0.000307868;3.99907
0.000307968;3.99908
0.000308068;3.99909
0.000308168;3.9991
0.000308268;3.99911
0.000308368;3.99911
0.000308468;3.99912
0.000308568;3.99913
0.000308668;3.99914
0.000308768;3.99914
0.000308868;3.99915
0.000308968;3.99916
0.000309068;3.99917
0.000309168;3.99918
0.000309268;3.99918
0.000309368;3.99919
0.000309468;3.9992
0.000309568;3.99921
0.000309668;3.99921
0.000309768;3.99922
0.000309868;3.99923
0.000309968;3.99924
0.000310068;3.99924
0.000310168;3.99925
0.000310268;3.99926
0.000310368;3.99927
0.000310468;3.99927
0.000310568;3.99928
0.000310668;3.99929
0.000310768;3.99929
0.000310868;3.9993
0.000310968;3.99931
0.000311068;3.99932
0.000311168;3.99932
0.000311268;3.99933
0.000311368;3.99934
0.000311468;3.99934
0.000311568;3.99935
0.000311668;3.99936
0.000311768;3.99937
0.000311868;3.99937
0.000311968;3.99938
0.000312068;3.99939
0.000312168;3.99939
0.000312268;3.9994
0.000312368;3.99941
0.000312468;3.99941
0.000312568;3.99942
0.000312668;3.99943
0.000312768;3.99944
0.000312868;3.99944
0.000312968;3.99945
0.000313068;3.99946
0.000313168;3.99946
0.000313268;3.99947
0.000313368;3.99948
0.000313468;3.99948
0.000313568;3.99949
0.000313668;3.9995
0.000313768;3.9995
0.000313868;3.99951
0.000313968;3.99952
0.000314068;3.99952
0.000314168;3.99953
0.000314268;3.99954
0.000314368;3.99954
0.000314468;3.99955
0.000314568;3.99956
0.000314668;3.99956
0.000314768;3.99957
0.000314868;3.99958
0.000314968;3.99958
0.000315068;3.99959
0.000315168;3.99959
0.000315268;3.9996
0.000315368;3.99961
0.000315468;3.99961
0.000315568;3.99962
0.000315668;3.99963
0.000315768;3.99963
0.000315868;3.99964
0.000315968;3.99964
0.000316068;3.99965
0.000316168;3.99966
0.000316268;3.99966
0.000316368;3.99967
0.000316468;3.99968
0.000316568;3.99968
0.000316668;3.99969
0.000316768;3.99969
0.000316868;3.9997
0.000316968;3.99971
0.000317068;3.99971
0.000317168;3.99972
0.000317268;3.99972
0.000317368;3.99973
0.000317468;3.99974
0.000317568;3.99974
0.000317668;3.99975
0.000317768;3.99975
0.000317868;3.99976
0.000317968;3.99977
0.000318068;3.99977
0.000318168;3.99978
0.000318268;3.99978
0.000318368;3.99979
0.000318468;3.9998
0.000318568;3.9998
0.000318668;3.99981
0.000318768;3.99981
0.000318868;3.99982
0.000318968;3.99982
0.000319068;3.99983
0.000319168;3.99984
0.000319268;3.99984
0.000319368;3.99985
0.000319468;3.99985
0.000319568;3.99986
0.000319668;3.99986
0.000319768;3.99987
0.000319868;3.99987
0.000319968;3.99988
0.000320068;3.99989
0.000320168;3.99989
0.000320268;3.9999
0.000320368;3.9999
0.000320468;3.99991
0.000320568;3.99991
0.000320668;3.99992
0.000320768;3.99992
0.000320868;3.99993
0.000320968;3.99993
0.000321068;3.99994
0.000321168;3.99995
0.000321268;3.99995
0.000321368;3.99996
0.000321468;3.99996
0.000321568;3.99997
0.000321668;3.99997
0.000321768;3.99998
0.000321868;3.99998
0.000321968;3.99999
0.000322068;3.99999
0.000322168;4
0.000322268;4
0.000322368;4.00001
0.000322468;4.00001
0.000322568;4.00002
0.000322668;4.00002
0.000322768;4.00003
0.000322868;4.00003
0.000322968;4.00004
0.000323068;4.00004
0.000323168;4.00005
0.000323268;4.00005
0.000323368;4.00006
0.000323468;4.00006
0.000323568;4.00007
0.000323668;4.00007
0.000323768;4.00008
0.000323868;4.00008
0.000323968;4.00009
0.000324068;4.00009
0.000324168;4.0001
0.000324268;4.0001
0.000324368;4.00011
0.000324468;4.00011
0.000324568;4.00012
0.000324668;4.00012
0.000324768;4.00013
0.000324868;4.00013
0.000324968;4.00014
0.000325068;4.00014
0.000325168;4.00015
0.000325268;4.00015
0.000325368;4.00016
0.000325468;4.00016
0.000325568;4.00017
0.000325668;4.00017
0.000325768;4.00018
0.000325868;4.00018
0.000325968;4.00018
0.000326068;4.00019
0.000326168;4.00019
0.000326268;4.0002
0.000326368;4.0002
0.000326468;4.00021
0.000326568;4.00021
0.000326668;4.00022
0.000326768;4.00022
0.000326868;4.00023
0.000326968;4.00023
0.000327068;4.00024
0.000327168;4.00024
0.000327268;4.00024
0.000327368;4.00025
0.000327468;4.00025
0.000327568;4.00026
0.000327668;4.00026
0.000327768;4.00027
0.000327868;4.00027
0.000327968;4.00028
0.000328068;4.00028
0.000328168;4.00028
0.000328268;4.00029
0.000328368;4.00029
0.000328468;4.0003
0.000328568;4.0003
0.000328668;4.00031
0.000328768;4.00031
0.000328868;4.00031
0.000328968;4.00032
0.000329068;4.00032
0.000329168;4.00033
0.000329268;4.00033
0.000329368;4.00034
0.000329468;4.00034
0.000329568;4.00034
0.000329668;4.00035
0.000329768;4.00035
0.000329868;4.00036
0.000329968;4.00036
0.000330068;4.00036
0.000330168;4.00037
0.000330268;4.00037
0.000330368;4.00038
0.000330468;4.00038
0.000330568;4.00038
0.000330668;4.00039
0.000330768;4.00039
0.000330868;4.0004
0.000330968;4.0004
0.000331068;4.0004
0.000331168;4.00041
0.000331268;4.00041
0.000331368;4.00042
0.000331468;4.00042
0.000331568;4.00042
0.000331668;4.00043
0.000331768;4.00043
0.000331868;4.00044
0.000331968;4.00044
0.000332068;4.00044
0.000332168;4.00045
0.000332268;4.00045
0.000332368;4.00046
0.000332468;4.00046
0.000332568;4.00046
0.000332668;4.00047
0.000332768;4.00047
0.000332868;4.00047
0.000332968;4.00048
0.000333068;4.00048
0.000333168;4.00049
0.000333268;4.00049
0.000333368;4.00049
0.000333468;4.0005
0.000333568;4.0005
0.000333668;4.0005
0.000333768;4.00051
0.000333868;4.00051
0.000333968;4.00052
0.000334068;4.00052
0.000334168;4.00052
0.000334268;4.00053
0.000334368;4.00053
0.000334468;4.00053
0.000334568;4.00054
0.000334668;4.00054
0.000334768;4.00055
0.000334868;4.00055
0.000334968;4.00055
0.000335068;4.00056
0.000335168;4.00056
0.000335268;4.00056
0.000335368;4.00057
0.000335468;4.00057
0.000335568;4.00057
0.000335668;4.00058
0.000335768;4.00058
0.000335868;4.00058
0.000335968;4.00059
0.000336068;4.00059
0.000336168;4.00059
0.000336268;4.0006
0.000336368;4.0006
0.000336468;4.0006
0.000336568;4.00061
0.000336668;4.00061
0.000336768;4.00061
0.000336868;4.00062
0.000336968;4.00062
0.000337068;4.00062
0.000337168;4.00063
0.000337268;4.00063
0.000337368;4.00063
0.000337468;4.00064
0.000337568;4.00064
0.000337668;4.00064
0.000337768;4.00065
0.000337868;4.00065
0.000337968;4.00065
0.000338068;4.00066
0.000338168;4.00066
0.000338268;4.00066
0.000338368;4.00067
0.000338468;4.00067
0.000338568;4.00067
0.000338668;4.00068
0.000338768;4.00068
0.000338868;4.00068
0.000338968;4.00069
0.000339068;4.00069
0.000339168;4.00069
0.000339268;4.0007
0.000339368;4.0007
0.000339468;4.0007
0.000339568;4.00071
0.000339668;4.00071
0.000339768;4.00071
0.000339868;4.00071
0.000339968;4.00072
0.000340068;4.00072
0.000340168;4.00072
0.000340268;4.00073
0.000340368;4.00073
0.000340468;4.00073
0.000340568;4.00074
0.000340668;4.00074
0.000340768;4.00074
0.000340868;4.00075
0.000340968;4.00075
0.000341068;4.00075
0.000341168;4.00075
0.000341268;4.00076
0.000341368;4.00076
0.000341468;4.00076
0.000341568;4.00077
0.000341668;4.00077
0.000341768;4.00077
0.000341868;4.00077
0.000341968;4.00078
0.000342068;4.00078
0.000342168;4.00078
0.000342268;4.00079
0.000342368;4.00079
0.000342468;4.00079
0.000342568;4.0008
0.000342668;4.0008
0.000342768;4.0008
0.000342868;4.0008
0.000342968;4.00081
0.000343068;4.00081
0.000343168;4.00081
0.000343268;4.00081
0.000343368;4.00082
0.000343468;4.00082
0.000343568;4.00082
0.000343668;4.00083
0.000343768;4.00083
0.000343868;4.00083
0.000343968;4.00083
0.000344068;4.00084
0.000344168;4.00084
0.000344268;4.00084
0.000344368;4.00084
0.000344468;4.00085
0.000344568;4.00085
0.000344668;4.00085
0.000344768;4.00086
0.000344868;4.00086
0.000344968;4.00086
0.000345068;4.00086
0.000345168;4.00087
0.000345268;4.00087
0.000345368;4.00087
0.000345468;4.00087
0.000345568;4.00088
0.000345668;4.00088
0.000345768;4.00088
0.000345868;4.00088
0.000345968;4.00089
0.000346068;4.00089
0.000346168;4.00089
0.000346268;4.00089
0.000346368;4.0009
0.000346468;4.0009
0.000346568;4.0009
0.000346668;4.00091
0.000346768;4.00091
0.000346868;4.00091
0.000346968;4.00091
0.000347068;4.00092
0.000347168;4.00092
0.000347268;4.00092
0.000347368;4.00092
0.000347468;4.00093
0.000347568;4.00093
0.000347668;4.00093
0.000347768;4.00093
0.000347868;4.00093
0.000347968;4.00094
0.000348068;4.00094
0.000348168;4.00094
0.000348268;4.00094
0.000348368;4.00095
0.000348468;4.00095
0.000348568;4.00095
0.000348668;4.00095
0.000348768;4.00096
0.000348868;4.00096
0.000348968;4.00096
0.000349068;4.00096
0.000349168;4.00097
0.000349268;4.00097
0.000349368;4.00097
0.000349468;4.00097
0.000349568;4.00098
0.000349668;4.00098
0.000349768;4.00098
0.000349868;4.00098
0.000349968;4.00098
0.000350068;4.00099
0.000350168;4.00099
0.000350268;4.00099
0.000350368;4.00099
0.000350468;4.001
0.000350568;4.001
0.000350668;4.001
0.000350768;4.001
0.000350868;4.001
0.000350968;4.00101
0.000351068;4.00101
0.000351168;4.00101
0.000351268;4.00101
0.000351368;4.00102
0.000351468;4.00102
0.000351568;4.00102
0.000351668;4.00102
0.000351768;4.00102
0.000351868;4.00103
0.000351968;4.00103
0.000352068;4.00103
0.000352168;4.00103
0.000352268;4.00104
0.000352368;4.00104
0.000352468;4.00104
0.000352568;4.00104
0.000352668;4.00104
0.000352768;4.00105
0.000352868;4.00105
0.000352968;4.00105
0.000353068;4.00105
0.000353168;4.00105
0.000353268;4.00106
0.000353368;4.00106
0.000353468;4.00106
0.000353568;4.00106
0.000353668;4.00106
0.000353768;4.00107
0.000353868;4.00107
0.000353968;4.00107
0.000354068;4.00107
0.000354168;4.00108
0.000354268;4.00108
0.000354368;4.00108
0.000354468;4.00108
0.000354568;4.00108
0.000354668;4.00109
0.000354768;4.00109
0.000354868;4.00109
0.000354968;4.00109
0.000355068;4.00109
0.000355168;4.0011
0.000355268;4.0011
0.000355368;4.0011
0.000355468;4.0011
0.000355568;4.0011
0.000355668;4.0011
0.000355768;4.00111
0.000355868;4.00111
0.000355968;4.00111
0.000356068;4.00111
0.000356168;4.00111
0.000356268;4.00112
0.000356368;4.00112
0.000356468;4.00112
0.000356568;4.00112
0.000356668;4.00112
0.000356768;4.00113
0.000356868;4.00113
0.000356968;4.00113
0.000357068;4.00113
0.000357168;4.00113
0.000357268;4.00114
0.000357368;4.00114
0.000357468;4.00114
0.000357568;4.00114
0.000357668;4.00114
0.000357768;4.00114
0.000357868;4.00115
0.000357968;4.00115
0.000358068;4.00115
0.000358168;4.00115
0.000358268;4.00115
0.000358368;4.00116
0.000358468;4.00116
0.000358568;4.00116
0.000358668;4.00116
0.000358768;4.00116
0.000358868;4.00116
0.000358968;4.00117
0.000359068;4.00117
0.000359168;4.00117
0.000359268;4.00117
0.000359368;4.00117
0.000359468;4.00117
0.000359568;4.00118
0.000359668;4.00118
0.000359768;4.00118
0.000359868;4.00118
0.000359968;4.00118
0.000360068;4.00118
0.000360168;4.00119
0.000360268;4.00119
0.000360368;4.00119
0.000360468;4.00119
0.000360568;4.00119
0.000360668;4.0012
0.000360768;4.0012
0.000360868;4.0012
0.000360968;4.0012
0.000361068;4.0012
0.000361168;4.0012
0.000361268;4.00121
0.000361368;4.00121
0.000361468;4.00121
0.000361568;4.00121
0.000361668;4.00121
0.000361768;4.00121
0.000361868;4.00121
0.000361968;4.00122
0.000362068;4.00122
0.000362168;4.00122
0.000362268;4.00122
0.000362368;4.00122
0.000362468;4.00122
0.000362568;4.00123
0.000362668;4.00123
0.000362768;4.00123
0.000362868;4.00123
0.000362968;4.00123
0.000363068;4.00123
0.000363168;4.00124
0.000363268;4.00124
0.000363368;4.00124
0.000363468;4.00124
0.000363568;4.00124
0.000363668;4.00124
0.000363768;4.00124
0.000363868;4.00125
0.000363968;4.00125
0.000364068;4.00125
0.000364168;4.00125
0.000364268;4.00125
0.000364368;4.00125
0.000364468;4.00126
0.000364568;4.00126
0.000364668;4.00126
0.000364768;4.00126
0.000364868;4.00126
0.000364968;4.00126
0.000365068;4.00126
0.000365168;4.00127
0.000365268;4.00127
0.000365368;4.00127
0.000365468;4.00127
0.000365568;4.00127
0.000365668;4.00127
0.000365768;4.00127
0.000365868;4.00128
0.000365968;4.00128
0.000366068;4.00128
0.000366168;4.00128
0.000366268;4.00128
0.000366368;4.00128
0.000366468;4.00128
0.000366568;4.00129
0.000366668;4.00129
0.000366768;4.00129
0.000366868;4.00129
0.000366968;4.00129
0.000367068;4.00129
0.000367168;4.00129
0.000367268;4.0013
0.000367368;4.0013
0.000367468;4.0013
0.000367568;4.0013
0.000367668;4.0013
0.000367768;4.0013
0.000367868;4.0013
0.000367968;4.00131
0.000368068;4.00131
0.000368168;4.00131
0.000368268;4.00131
0.000368368;4.00131
0.000368468;4.00131
0.000368568;4.00131
0.000368668;4.00131
0.000368768;4.00132
0.000368868;4.00132
0.000368968;4.00132
0.000369068;4.00132
0.000369168;4.00132
0.000369268;4.00132
0.000369368;4.00132
0.000369468;4.00132
0.000369568;4.00133
0.000369668;4.00133
0.000369768;4.00133
0.000369868;4.00133
0.000369968;4.00133
0.000370068;4.00133
0.000370168;4.00133
0.000370268;4.00134
0.000370368;4.00134
0.000370468;4.00134
0.000370568;4.00134
0.000370668;4.00134
0.000370768;4.00134
0.000370868;4.00134
0.000370968;4.00134
0.000371068;4.00135
0.000371168;4.00135
0.000371268;4.00135
0.000371368;4.00135
0.000371468;4.00135
0.000371568;4.00135
0.000371668;4.00135
0.000371768;4.00135
0.000371868;4.00135
0.000371968;4.00136
0.000372068;4.00136
0.000372168;4.00136
0.000372268;4.00136
0.000372368;4.00136
0.000372468;4.00136
0.000372568;4.00136
0.000372668;4.00136
0.000372768;4.00137
0.000372868;4.00137
0.000372968;4.00137
0.000373068;4.00137
0.000373168;4.00137
0.000373268;4.00137
0.000373368;4.00137
0.000373468;4.00137
0.000373568;4.00137
0.000373668;4.00138
0.000373768;4.00138
0.000373868;4.00138
0.000373968;4.00138
0.000374068;4.00138
0.000374168;4.00138
0.000374268;4.00138
0.000374368;4.00138
0.000374468;4.00138
0.000374568;4.00139
0.000374668;4.00139
0.000374768;4.00139
0.000374868;4.00139
0.000374968;4.00139
0.000375068;4.00139
0.000375168;4.00139
0.000375268;4.00139
0.000375368;4.00139
0.000375468;4.0014
0.000375568;4.0014
0.000375668;4.0014
0.000375768;4.0014
0.000375868;4.0014
0.000375968;4.0014
0.000376068;4.0014
0.000376168;4.0014
0.000376268;4.0014
0.000376368;4.00141
0.000376468;4.00141
0.000376568;4.00141
0.000376668;4.00141
0.000376768;4.00141
0.000376868;4.00141
0.000376968;4.00141
0.000377068;4.00141
0.000377168;4.00141
0.000377268;4.00141
0.000377368;4.00142
0.000377468;4.00142
0.000377568;4.00142
0.000377668;4.00142
0.000377768;4.00142
0.000377868;4.00142
0.000377968;4.00142
0.000378068;4.00142
0.000378168;4.00142
0.000378268;4.00142
0.000378368;4.00143
0.000378468;4.00143
0.000378568;4.00143
0.000378668;4.00143
0.000378768;4.00143
0.000378868;4.00143
0.000378968;4.00143
0.000379068;4.00143
0.000379168;4.00143
0.000379268;4.00143
0.000379368;4.00144
0.000379468;4.00144
0.000379568;4.00144
0.000379668;4.00144
0.000379768;4.00144
0.000379868;4.00144
0.000379968;4.00144
0.000380068;4.00144
0.000380168;4.00144
0.000380268;4.00144
0.000380368;4.00145
0.000380468;4.00145
0.000380568;4.00145
0.000380668;4.00145
0.000380768;4.00145
0.000380868;4.00145
0.000380968;4.00145
0.000381068;4.00145
0.000381168;4.00145
0.000381268;4.00145
0.000381368;4.00145
0.000381468;4.00146
0.000381568;4.00146
0.000381668;4.00146
0.000381768;4.00146
0.000381868;4.00146
0.000381968;4.00146
0.000382068;4.00146
0.000382168;4.00146
0.000382268;4.00146
0.000382368;4.00146
0.000382468;4.00146
0.000382568;4.00147
0.000382668;4.00147
0.000382768;4.00147
0.000382868;4.00147
0.000382968;4.00147
0.000383068;4.00147
0.000383168;4.00147
0.000383268;4.00147
0.000383368;4.00147
0.000383468;4.00147
0.000383568;4.00147
0.000383668;4.00147
0.000383768;4.00148
0.000383868;4.00148
0.000383968;4.00148
0.000384068;4.00148
0.000384168;4.00148
0.000384268;4.00148
0.000384368;4.00148
0.000384468;4.00148
0.000384568;4.00148
0.000384668;4.00148
0.000384768;4.00148
0.000384868;4.00148
0.000384968;4.00149
0.000385068;4.00149
0.000385168;4.00149
0.000385268;4.00149
0.000385368;4.00149
0.000385468;4.00149
0.000385568;4.00149
0.000385668;4.00149
0.000385768;4.00149
0.000385868;4.00149
0.000385968;4.00149
0.000386068;4.00149
0.000386168;4.0015
0.000386268;4.0015
0.000386368;4.0015
0.000386468;4.0015
0.000386568;4.0015
0.000386668;4.0015
0.000386768;4.0015
0.000386868;4.0015
0.000386968;4.0015
0.000387068;4.0015
0.000387168;4.0015
0.000387268;4.0015
0.000387368;4.0015
0.000387468;4.00151
0.000387568;4.00151
0.000387668;4.00151
0.000387768;4.00151
0.000387868;4.00151
0.000387968;4.00151
0.000388068;4.00151
0.000388168;4.00151
0.000388268;4.00151
0.000388368;4.00151
0.000388468;4.00151
0.000388568;4.00151
0.000388668;4.00151
0.000388768;4.00151
0.000388868;4.00152
0.000388968;4.00152
0.000389068;4.00152
0.000389168;4.00152
0.000389268;4.00152
0.000389368;4.00152
0.000389468;4.00152
0.000389568;4.00152
0.000389668;4.00152
0.000389768;4.00152
0.000389868;4.00152
0.000389968;4.00152
0.000390068;4.00152
0.000390168;4.00153
0.000390268;4.00153
0.000390368;4.00153
0.000390468;4.00153
0.000390568;4.00153
0.000390668;4.00153
0.000390768;4.00153
0.000390868;4.00153
0.000390968;4.00153
0.000391068;4.00153
0.000391168;4.00153
0.000391268;4.00153
0.000391368;4.00153
0.000391468;4.00153
0.000391568;4.00153
0.000391668;4.00154
0.000391768;4.00154
0.000391868;4.00154
0.000391968;4.00154
0.000392068;4.00154
0.000392168;4.00154
0.000392268;4.00154
0.000392368;4.00154
0.000392468;4.00154
0.000392568;4.00154
0.000392668;4.00154
0.000392768;4.00154
0.000392868;4.00154
0.000392968;4.00154
0.000393068;4.00154
0.000393168;4.00155
0.000393268;4.00155
0.000393368;4.00155
0.000393468;4.00155
0.000393568;4.00155
0.000393668;4.00155
0.000393768;4.00155
0.000393868;4.00155
0.000393968;4.00155
0.000394068;4.00155
0.000394168;4.00155
0.000394268;4.00155
0.000394368;4.00155
0.000394468;4.00155
0.000394568;4.00155
0.000394668;4.00155
0.000394768;4.00156
0.000394868;4.00156
0.000394968;4.00156
0.000395068;4.00156
0.000395168;4.00156
0.000395268;4.00156
0.000395368;4.00156
0.000395468;4.00156
0.000395568;4.00156
0.000395668;4.00156
0.000395768;4.00156
0.000395868;4.00156
0.000395968;4.00156
0.000396068;4.00156
0.000396168;4.00156
0.000396268;4.00156
0.000396368;4.00156
0.000396468;4.00157
0.000396568;4.00157
0.000396668;4.00157
0.000396768;4.00157
0.000396868;4.00157
0.000396968;4.00157
0.000397068;4.00157
0.000397168;4.00157
0.000397268;4.00157
0.000397368;4.00157
0.000397468;4.00157
0.000397568;4.00157
0.000397668;4.00157
0.000397768;4.00157
0.000397868;4.00157
0.000397968;4.00157
0.000398068;4.00157
0.000398168;4.00158
0.000398268;4.00158
0.000398368;4.00158
0.000398468;4.00158
0.000398568;4.00158
0.000398668;4.00158
0.000398768;4.00158
0.000398868;4.00158
0.000398968;4.00158
0.000399068;4.00158
0.000399168;4.00158
0.000399268;4.00158
0.000399368;4.00158
0.000399468;4.00158
0.000399568;4.00158
0.000399668;4.00158
0.000399768;4.00158
0.000399868;4.00158
0.000399968;4.00158
0.0004;4.00158
